season,week,celebrity_name,judge_rank,audience_rank,rank_diff_rank,rank_direction_rank,survival_prob
29,2,Skai Jackson,14.0,5.0,9.0,9.0,0.9014022105826293
29,3,Justina Machado,10.0,1.0,9.0,9.0,0.9813578090541991
9,1,Melissa Joan Hart,9.0,1.0,8.0,8.0,0.9992002914749113
34,4,Robert Irwin,8.0,1.0,7.0,7.0,0.9653162005185316
3,2,Mario Lopez,7.0,1.0,6.0,6.0,0.9686191089317523
14,2,Jaleel White,7.0,1.0,6.0,6.0,1.0
15,2,Emmitt Smith,7.0,1.0,6.0,6.0,0.9686799064824873
15,3,Emmitt Smith,8.0,2.0,6.0,6.0,0.9394656800364043
23,2,Marilu Henner,7.0,1.0,6.0,6.0,0.9798617010115382
31,1,Jordin Sparks,7.0,1.0,6.0,6.0,0.9956261752881232
6,2,Priscilla Presley,6.0,1.0,5.0,5.0,0.9964297038663007
9,1,Louie Vito,7.0,2.0,5.0,5.0,1.0
9,1,Natalie Coughlin,7.0,2.0,5.0,5.0,1.0
9,5,Melissa Joan Hart,7.0,2.0,5.0,5.0,0.91973780375823
14,6,Maria Menounos,6.0,1.0,5.0,5.0,0.9886540434625792
15,8,Shawn Johnson,6.0,1.0,5.0,5.0,0.8363697669991086
17,1,Brant Daugherty,6.0,1.0,5.0,5.0,0.9983397799729425
17,1,Christina Milian,6.0,1.0,5.0,5.0,0.9983397799729425
17,6,Corbin Bleu,6.0,1.0,5.0,5.0,0.9365217321548557
18,1,Cody Simpson,6.0,1.0,5.0,5.0,0.988305221970553
19,1,Jonathan Bennett,6.0,1.0,5.0,5.0,1.0
19,3,Lea Thompson,7.0,2.0,5.0,5.0,0.9632480934860956
21,7,Nick Carter,6.0,1.0,5.0,5.0,0.8498623631814586
22,2,Antonio Brown,9.0,4.0,5.0,5.0,0.9599557835651362
27,2,DeMarcus Ware,6.0,1.0,5.0,5.0,1.0
28,2,Lauren Alaina,6.0,1.0,5.0,5.0,0.982809680106378
28,6,Ally Brooke,6.0,1.0,5.0,5.0,0.9360751898816114
28,6,Hannah Brown,8.0,3.0,5.0,5.0,0.8202889900163645
29,7,Kaitlyn Bristowe,9.0,4.0,5.0,5.0,0.8847992950617339
31,7,Gabby Windey,6.0,1.0,5.0,5.0,0.9085091030728409
34,6,Alix Earle,6.0,1.0,5.0,5.0,0.9385010474117204
3,5,Joey Lawrence,5.0,1.0,4.0,4.0,0.8789003108962357
4,2,Shandi Finnessey,10.0,6.0,4.0,4.0,0.8902628827033489
5,3,Helio Castroneves,6.0,2.0,4.0,4.0,0.9708958395801724
7,1,Misty May-Treanor,5.0,1.0,4.0,4.0,0.9978242936895917
8,3,Ty Murray,6.0,2.0,4.0,4.0,0.9800042153704671
8,7,Lil' Kim,5.0,1.0,4.0,4.0,0.9078513269876829
9,7,Mya,5.0,1.0,4.0,4.0,0.8524449273017534
11,3,Kyle Massey,5.0,1.0,4.0,4.0,0.970325352720487
11,5,Audrina Patridge,5.0,1.0,4.0,4.0,0.9280308883171184
11,6,Jennifer Grey,5.0,1.0,4.0,4.0,0.9757135752833723
14,2,Sherri Sheperd,6.0,2.0,4.0,4.0,0.9859318270442763
14,3,Roshon Fegan,5.0,1.0,4.0,4.0,0.9840732880134336
14,8,Maria Menounos,5.0,1.0,4.0,4.0,0.8113028974891161
15,4,Sabrina Bryan,6.0,2.0,4.0,4.0,0.9136115135617895
15,5,Emmitt Smith,6.0,2.0,4.0,4.0,0.8961397190845767
16,1,Ingo Rademacher,5.0,1.0,4.0,4.0,0.9872314175531749
16,1,Jacoby Jones,5.0,1.0,4.0,4.0,0.9872314175531749
16,2,Dorothy Hamill,12.0,8.0,4.0,4.0,0.866783071003281
17,5,Elizabeth Berkley Lauren,6.0,2.0,4.0,4.0,0.945549737911173
18,6,James Maslow,5.0,1.0,4.0,4.0,0.9242284662860324
18,7,Charlie White,5.0,1.0,4.0,4.0,0.8676123666037217
18,7,James Maslow,6.0,2.0,4.0,4.0,0.8351576314481505
19,2,Sadie Robertson,5.0,1.0,4.0,4.0,0.9884099092757618
21,1,Alek Skarlatos,5.0,1.0,4.0,4.0,1.0
21,1,Alexa PenaVega,5.0,1.0,4.0,4.0,1.0
21,4,Carlos PenaVega,5.0,1.0,4.0,4.0,0.9755549935119853
22,2,Nyle DiMarco,5.0,1.0,4.0,4.0,1.0
22,4,Nyle DiMarco,5.0,1.0,4.0,4.0,0.9601371753831439
22,7,Jodie Sweetin,8.0,4.0,4.0,4.0,0.7983683494973717
23,4,Calvin Johnson Jr.,6.0,2.0,4.0,4.0,0.9774042672578741
23,10,Calvin Johnson Jr.,5.0,1.0,4.0,4.0,0.7671724491418189
24,4,Normani,5.0,1.0,4.0,4.0,0.9789632372008024
27,3,DeMarcus Ware,5.0,1.0,4.0,4.0,1.0
27,4,Evanna Lynch,5.0,1.0,4.0,4.0,0.998398320932311
28,7,Kate Flannery,7.0,3.0,4.0,4.0,0.8153627869376592
28,7,Kel Mitchell,5.0,1.0,4.0,4.0,0.8913028150283302
29,1,Monica Aldama,5.0,1.0,4.0,4.0,0.9951261727193076
29,2,Monica Aldama,12.0,8.0,4.0,4.0,0.8825051472922671
29,6,Nev Schulman,5.0,1.0,4.0,4.0,0.9848267661691446
29,8,AJ McLean,5.0,1.0,4.0,4.0,0.8791631146351486
30,1,Kenya Moore,5.0,1.0,4.0,4.0,1.0
30,1,Melora Hardin,5.0,1.0,4.0,4.0,1.0
30,2,Jimmie Allen,5.0,1.0,4.0,4.0,1.0
30,2,Melora Hardin,5.0,1.0,4.0,4.0,1.0
30,2,Olivia Jade,5.0,1.0,4.0,4.0,1.0
30,8,Olivia Jade,6.0,2.0,4.0,4.0,0.8710922846305775
31,1,Daniel Durant,6.0,2.0,4.0,4.0,1.0
31,2,Selma Blair,6.0,2.0,4.0,4.0,0.9789795495020651
31,2,Shangela,6.0,2.0,4.0,4.0,0.9789795495020651
31,3,Trevor Donovan,10.0,6.0,4.0,4.0,0.9193716709358516
31,5,Heidi D'Amelio,5.0,1.0,4.0,4.0,0.9939596220687745
32,2,Ariana Madix,5.0,1.0,4.0,4.0,1.0
33,3,Dwight Howard ,9.0,5.0,4.0,4.0,0.8809236049486318
33,8,Stephen Nedoroscik,5.0,1.0,4.0,4.0,0.7803606100456058
33,9,Danny Amendola,5.0,1.0,4.0,4.0,0.2298489521898044
34,2,Hilaria Baldwin,5.0,1.0,4.0,4.0,0.9886395740293562
34,3,Robert Irwin,5.0,1.0,4.0,4.0,0.9903853055789705
34,5,Jordan Chiles,5.0,1.0,4.0,4.0,0.9632088583218771
34,9,Jordan Chiles,5.0,1.0,4.0,4.0,0.9070821635416821
34,10,Dylan Efron,6.0,2.0,4.0,4.0,0.7949385528156525
34,11,Elaine Hendrix,5.0,1.0,4.0,4.0,0.1705717715963584
2,1,Stacy Keibler,4.0,1.0,3.0,3.0,1.0
2,4,Tia Carrere,4.0,1.0,3.0,3.0,0.9906061530418588
5,3,Marie Osmond,4.0,1.0,3.0,3.0,0.9950576187939367
5,7,Jane Seymour,6.0,3.0,3.0,3.0,0.7429359234666283
6,1,Jason Taylor,4.0,1.0,3.0,3.0,1.0
6,1,Marlee Matlin,4.0,1.0,3.0,3.0,1.0
6,8,Jason Taylor,4.0,1.0,3.0,3.0,0.7945308225884883
7,2,Lance Bass,7.0,4.0,3.0,3.0,0.9372732331733408
8,2,Lil' Kim,4.0,1.0,3.0,3.0,1.0
8,3,Chuck Wicks,6.0,3.0,3.0,3.0,0.9796946904774333
8,3,Lil' Kim,4.0,1.0,3.0,3.0,1.0
8,4,Shawn Johnson,4.0,1.0,3.0,3.0,1.0
8,4,Ty Murray,4.0,1.0,3.0,3.0,1.0
8,8,Melissa Rycroft,6.0,3.0,3.0,3.0,0.7581607362908095
9,6,Mark Dacascos,4.0,1.0,3.0,3.0,1.0
10,2,Pamela Anderson,4.0,1.0,3.0,3.0,0.9953950170978412
10,7,Erin Andrews,4.0,1.0,3.0,3.0,0.7878786263403725
11,1,Rick Fox,4.0,1.0,3.0,3.0,1.0
11,7,Rick Fox,4.0,1.0,3.0,3.0,0.8211001231025574
12,3,Romeo,8.0,5.0,3.0,3.0,0.9110759571189888
12,6,Chris Jericho,7.0,4.0,3.0,3.0,0.8325473356735763
12,7,Romeo,5.0,2.0,3.0,3.0,0.7395595467646373
13,7,J.R. Martinez,4.0,1.0,3.0,3.0,0.8549654404186632
14,1,Gladys Knight,4.0,1.0,3.0,3.0,0.9964586529473896
14,1,Jack Wagner,4.0,1.0,3.0,3.0,0.9964586529473896
14,1,Roshon Fegan,4.0,1.0,3.0,3.0,0.9964586529473896
14,1,Sherri Sheperd,4.0,1.0,3.0,3.0,0.9964586529473896
14,5,Roshon Fegan,5.0,2.0,3.0,3.0,0.9670814983965532
14,7,Roshon Fegan,5.0,2.0,3.0,3.0,0.8564538208336738
15,1,Shawn Johnson,4.0,1.0,3.0,3.0,0.9884190007754748
15,4,Melissa Rycroft,4.0,1.0,3.0,3.0,0.9617824601761878
15,6,Emmitt Smith,8.0,5.0,3.0,3.0,0.8177540788471751
15,9,Emmitt Smith,5.0,2.0,3.0,3.0,0.6647101172623239
16,2,Jacoby Jones,4.0,1.0,3.0,3.0,1.0
16,6,Jacoby Jones,6.0,3.0,3.0,3.0,0.8611937859051713
16,10,Jacoby Jones,4.0,1.0,3.0,3.0,0.279249831172941
17,2,Amber Riley,4.0,1.0,3.0,3.0,1.0
17,2,Leah Remini,4.0,1.0,3.0,3.0,1.0
17,2,"Nicole ""Snooki"" Polizzi",9.0,6.0,3.0,3.0,0.9558301333095622
17,3,Amber Riley,6.0,3.0,3.0,3.0,0.9751460416048078
17,3,Elizabeth Berkley Lauren,4.0,1.0,3.0,3.0,1.0
17,3,"Nicole ""Snooki"" Polizzi",4.0,1.0,3.0,3.0,1.0
17,5,Amber Riley,6.0,3.0,3.0,3.0,0.9444442374980143
17,7,"Nicole ""Snooki"" Polizzi",5.0,2.0,3.0,3.0,0.8841125061936903
17,8,Elizabeth Berkley Lauren,6.0,3.0,3.0,3.0,0.7948439102628473
17,9,Amber Riley,5.0,2.0,3.0,3.0,0.7870793937293341
18,2,Amy Purdy,4.0,1.0,3.0,3.0,0.9983620284713425
18,2,Danica McKellar,4.0,1.0,3.0,3.0,0.9983620284713425
18,8,Meryl Davis,4.0,1.0,3.0,3.0,0.8408027877143405
19,1,Randy Couture,5.0,2.0,3.0,3.0,1.0
19,4,Janel Parrish,4.0,1.0,3.0,3.0,1.0
19,5,Janel Parrish,4.0,1.0,3.0,3.0,0.989850719640798
19,6,Janel Parrish,4.0,1.0,3.0,3.0,0.9504609016134299
19,7,Janel Parrish,4.0,1.0,3.0,3.0,0.8876466249939057
19,11,Bethany Mota,4.0,1.0,3.0,3.0,0.24163561792083943
20,2,Noah Galloway,10.0,7.0,3.0,3.0,0.9116221641214968
20,5,Willow Shields,4.0,1.0,3.0,3.0,0.9760837124314775
20,7,Riker Lynch,4.0,1.0,3.0,3.0,0.8709581378930644
21,2,Alek Skarlatos,4.0,1.0,3.0,3.0,1.0
21,2,Hayes Grier,4.0,1.0,3.0,3.0,1.0
21,2,Nick Carter,4.0,1.0,3.0,3.0,1.0
21,6,Carlos PenaVega,5.0,2.0,3.0,3.0,0.9867895624311009
21,6,Nick Carter,4.0,1.0,3.0,3.0,1.0
21,9,Carlos PenaVega,4.0,1.0,3.0,3.0,0.8364656900856818
21,10,Nick Carter,4.0,1.0,3.0,3.0,0.749407817606675
21,11,Alek Skarlatos,4.0,1.0,3.0,3.0,0.08526413070846783
22,1,Antonio Brown,4.0,1.0,3.0,3.0,1.0
22,1,Von Miller,4.0,1.0,3.0,3.0,1.0
22,8,Paige VanZant,4.0,1.0,3.0,3.0,0.8885225059207036
22,8,Wanya Morris,6.0,3.0,3.0,3.0,0.7936040296030151
23,3,Babyface,8.0,5.0,3.0,3.0,0.9008517952794968
23,9,Calvin Johnson Jr.,4.0,1.0,3.0,3.0,0.8444251840238861
23,9,James Hinchcliffe,5.0,2.0,3.0,3.0,0.7618365363459807
23,11,Jana Kramer,4.0,1.0,3.0,3.0,0.20896955873000378
24,2,Bonner Bolton,5.0,2.0,3.0,3.0,0.9724466911171485
24,2,David Ross,8.0,5.0,3.0,3.0,0.942343135447727
24,2,Simone Biles,4.0,1.0,3.0,3.0,0.9812834624884763
24,3,Simone Biles,4.0,1.0,3.0,3.0,0.9758844532784818
25,2,Lindsey Stirling,4.0,1.0,3.0,3.0,0.9893516376381979
25,3,Sasha Pieterse,11.0,8.0,3.0,3.0,0.8364284799259724
25,7,Lindsey Stirling,6.0,3.0,3.0,3.0,0.8690680583099752
26,2,Josh Norman,6.0,3.0,3.0,3.0,0.926646309991038
27,3,Alexis Ren,5.0,2.0,3.0,3.0,0.990335495761353
27,5,Evanna Lynch,6.0,3.0,3.0,3.0,0.9568563308995275
27,6,DeMarcus Ware,5.0,2.0,3.0,3.0,0.9660172836158029
27,7,DeMarcus Ware,6.0,3.0,3.0,3.0,0.8719877219717155
27,8,Milo Manheim,4.0,1.0,3.0,3.0,0.8769980275189457
28,4,Kate Flannery,8.0,5.0,3.0,3.0,0.8891536094604935
28,5,Hannah Brown,4.0,1.0,3.0,3.0,0.9654035426092265
28,8,Kel Mitchell,4.0,1.0,3.0,3.0,0.9347042038643247
28,10,James Van Der Beek,5.0,2.0,3.0,3.0,0.7433958222328634
28,11,Lauren Alaina,4.0,1.0,3.0,3.0,0.12572665356444834
29,6,Johnny Weir,9.0,6.0,3.0,3.0,0.8926425982861186
29,7,Justina Machado,5.0,2.0,3.0,3.0,0.9412532899550847
29,7,Monica Aldama,10.0,7.0,3.0,3.0,0.7997878567490164
29,9,AJ McLean,6.0,3.0,3.0,3.0,0.8047673076788093
29,9,Justina Machado,5.0,2.0,3.0,3.0,0.8366928124278865
29,10,Johnny Weir,4.0,1.0,3.0,3.0,0.8312444261441867
29,11,Nelly,4.0,1.0,3.0,3.0,0.03346698956012406
30,6,Melora Hardin,8.0,5.0,3.0,3.0,0.8839194512277914
30,6,Olivia Jade,5.0,2.0,3.0,3.0,0.9484631172074198
30,7,Amanda Kloots,6.0,3.0,3.0,3.0,0.9087673859127278
30,8,JoJo Siwa,4.0,1.0,3.0,3.0,0.9457280546574338
31,2,Cheryl Ladd,15.0,12.0,3.0,3.0,0.8014366950228131
31,2,Trevor Donovan,4.0,1.0,3.0,3.0,1.0
31,3,Vinny Guadagnino,14.0,11.0,3.0,3.0,0.7495722315076512
31,4,Heidi D'Amelio,4.0,1.0,3.0,3.0,0.9926398969256027
31,5,Daniel Durant,11.0,8.0,3.0,3.0,0.8730826748119155
32,1,Lele Pons,4.0,1.0,3.0,3.0,0.9989098759879074
32,7,Jason Mraz,4.0,1.0,3.0,3.0,0.8794619711408188
32,9,Ariana Madix,4.0,1.0,3.0,3.0,0.8791133757596361
33,2,Jenn Tran,9.0,6.0,3.0,3.0,0.9275204310135303
33,5,Stephen Nedoroscik,6.0,3.0,3.0,3.0,0.848471050604567
34,1,Alix Earle,4.0,1.0,3.0,3.0,1.0
34,1,Lauren Jauregui,4.0,1.0,3.0,3.0,1.0
34,2,Danielle Fishel,10.0,7.0,3.0,3.0,0.928214277449273
34,3,Jen Affleck,10.0,7.0,3.0,3.0,0.8897217801766159
34,6,Dylan Efron,7.0,4.0,3.0,3.0,0.8955729264704911
34,7,Jordan Chiles,4.0,1.0,3.0,3.0,1.0
34,10,Jordan Chiles,4.0,1.0,3.0,3.0,0.8619514642572516
1,5,Joey McIntyre,3.0,1.0,2.0,2.0,0.7404465414140828
2,1,Lisa Rinna,7.0,5.0,2.0,2.0,0.9343396959341674
2,3,Tia Carrere,3.0,1.0,2.0,2.0,1.0
2,5,Tia Carrere,6.0,4.0,2.0,2.0,0.8069577583873996
3,1,Vivica A. Fox,3.0,1.0,2.0,2.0,1.0
3,1,Willa Ford,3.0,1.0,2.0,2.0,1.0
3,3,Mario Lopez,4.0,2.0,2.0,2.0,0.9538655844408841
3,6,Monique Coleman,4.0,2.0,2.0,2.0,0.8383473270282092
3,7,Mario Lopez,3.0,1.0,2.0,2.0,0.9066663360454525
4,2,Heather Mills,3.0,1.0,2.0,2.0,1.0
4,2,Joey Fatone,3.0,1.0,2.0,2.0,1.0
4,3,Apolo Anton Ohno,5.0,3.0,2.0,2.0,0.9547869972216183
4,4,Heather Mills,4.0,2.0,2.0,2.0,0.9725747626108734
4,6,Heather Mills,5.0,3.0,2.0,2.0,0.9037361262221061
4,9,Apolo Anton Ohno,3.0,1.0,2.0,2.0,0.8373904325748628
4,9,Ian Ziering,4.0,2.0,2.0,2.0,0.7267115009911205
4,10,Laila Ali,3.0,1.0,2.0,2.0,0.2650435277982808
5,1,Jane Seymour,3.0,1.0,2.0,2.0,1.0
5,1,Mel B,3.0,1.0,2.0,2.0,1.0
5,2,Marie Osmond,3.0,1.0,2.0,2.0,1.0
5,2,Mel B,4.0,2.0,2.0,2.0,0.9885105707719317
5,4,Mel B,5.0,3.0,2.0,2.0,0.9588393347312943
5,7,Helio Castroneves,3.0,1.0,2.0,2.0,0.845279313870593
5,8,Jennie Garth,4.0,2.0,2.0,2.0,0.7608125522112054
5,9,Jennie Garth,3.0,1.0,2.0,2.0,0.801323733926561
6,2,Shannon Elizabeth,4.0,2.0,2.0,2.0,1.0
6,3,Jason Taylor,5.0,3.0,2.0,2.0,0.9503670115941822
6,3,Marissa Jaret Winokur,10.0,8.0,2.0,2.0,0.79659324941747
6,4,Shannon Elizabeth,3.0,1.0,2.0,2.0,0.9877204019245668
6,5,Cristian de la Fuente,5.0,3.0,2.0,2.0,0.9051971784876832
6,6,Jason Taylor,5.0,3.0,2.0,2.0,0.8851701512337299
6,9,Jason Taylor,3.0,1.0,2.0,2.0,0.8010590030661539
6,10,Cristian de la Fuente,3.0,1.0,2.0,2.0,0.24644557634938447
7,2,Toni Braxton,3.0,1.0,2.0,2.0,0.9995444258439368
7,5,Warren Sapp,4.0,2.0,2.0,2.0,0.9470428348393062
7,7,Cody Linley,5.0,3.0,2.0,2.0,0.8163524609850226
7,7,Susan Lucci,4.0,2.0,2.0,2.0,0.8664179077046763
7,8,Lance Bass,3.0,1.0,2.0,2.0,0.8005817185078602
8,1,Chuck Wicks,5.0,3.0,2.0,2.0,0.9804760572294788
8,5,Melissa Rycroft,4.0,2.0,2.0,2.0,0.9575942545635328
8,8,Shawn Johnson,3.0,1.0,2.0,2.0,0.865314833578873
8,11,Melissa Rycroft,3.0,1.0,2.0,2.0,0.23775267924810817
9,1,Mark Dacascos,6.0,4.0,2.0,2.0,1.0
9,2,Debi Mazar,4.0,2.0,2.0,2.0,0.9850408083023043
9,2,Donny Osmond,3.0,1.0,2.0,2.0,1.0
9,2,Joanna Krupa,7.0,5.0,2.0,2.0,0.9489132942623666
9,2,Kelly Osbourne,9.0,7.0,2.0,2.0,0.9169844414204075
9,3,Aaron Carter,4.0,2.0,2.0,2.0,0.9893754897058723
9,3,Joanna Krupa,3.0,1.0,2.0,2.0,1.0
9,4,Joanna Krupa,3.0,1.0,2.0,2.0,1.0
9,6,Donny Osmond,5.0,3.0,2.0,2.0,0.9697655306658929
9,8,Kelly Osbourne,3.0,1.0,2.0,2.0,0.8085486055387692
9,10,Kelly Osbourne,3.0,1.0,2.0,2.0,0.2736681120091973
10,1,Pamela Anderson,3.0,1.0,2.0,2.0,1.0
10,2,Jake Pavelka,6.0,4.0,2.0,2.0,0.957379976285581
10,9,Erin Andrews,3.0,1.0,2.0,2.0,0.8401776336626481
10,10,Evan Lysacek,3.0,1.0,2.0,2.0,0.2801645891219464
11,2,Bristol Palin,3.0,1.0,2.0,2.0,1.0
11,2,Kyle Massey,3.0,1.0,2.0,2.0,1.0
11,3,Bristol Palin,9.0,7.0,2.0,2.0,0.850896260511017
11,4,Audrina Patridge,3.0,1.0,2.0,2.0,0.9743702393462133
11,5,Kyle Massey,7.0,5.0,2.0,2.0,0.8331295015302898
11,9,Brandy,3.0,1.0,2.0,2.0,0.8526112250717612
12,5,Petra Nemcova,6.0,4.0,2.0,2.0,0.8881513966246057
12,7,Chelsea Kane,3.0,1.0,2.0,2.0,0.8409003696443981
12,10,Kirstie Alley,3.0,1.0,2.0,2.0,0.18736106134134367
13,2,Chaz Bono,11.0,9.0,2.0,2.0,0.8031442960344177
13,2,Hope Solo,8.0,6.0,2.0,2.0,0.8996105450305708
13,6,Rob Kardashian,5.0,3.0,2.0,2.0,0.8957631907570541
13,7,Nancy Grace,6.0,4.0,2.0,2.0,0.7267039263654278
13,8,Rob Kardashian,4.0,2.0,2.0,2.0,0.7963212562915986
13,10,Ricki Lake,3.0,1.0,2.0,2.0,0.2743425487578286
14,2,Gladys Knight,11.0,9.0,2.0,2.0,0.8960716799558807
14,4,Jaleel White,6.0,4.0,2.0,2.0,0.9106320690289362
14,5,Donald Driver,3.0,1.0,2.0,2.0,1.0
14,5,Gavin DeGraw,9.0,7.0,2.0,2.0,0.7285467712063554
14,6,Donald Driver,4.0,2.0,2.0,2.0,1.0
14,9,Donald Driver,3.0,1.0,2.0,2.0,0.8591267286994664
14,9,Katherine Jenkins,4.0,2.0,2.0,2.0,0.787756490316317
15,2,Kelly Monaco,10.0,8.0,2.0,2.0,0.8790306682791948
15,6,Gilles Marini,5.0,3.0,2.0,2.0,0.9046191402573188
15,6,Melissa Rycroft,3.0,1.0,2.0,2.0,0.9747640945151423
15,6,Shawn Johnson,4.0,2.0,2.0,2.0,0.926465156485035
15,7,Gilles Marini,5.0,3.0,2.0,2.0,0.9359971367984783
15,10,Shawn Johnson,3.0,1.0,2.0,2.0,0.23717306985928377
16,3,Alexandra Raisman,4.0,2.0,2.0,2.0,0.9838216207652408
16,3,Kellie Pickler,3.0,1.0,2.0,2.0,1.0
16,4,Sean Lowe,8.0,6.0,2.0,2.0,0.8405586054227994
16,4,Victor Ortiz,9.0,7.0,2.0,2.0,0.7904524290617274
16,5,Alexandra Raisman,4.0,2.0,2.0,2.0,0.9605132235448874
16,5,Jacoby Jones,3.0,1.0,2.0,2.0,0.9895274288235036
16,8,Jacoby Jones,4.0,2.0,2.0,2.0,0.8691394256959526
16,8,Kellie Pickler,3.0,1.0,2.0,2.0,0.919997493146206
16,9,Kellie Pickler,3.0,1.0,2.0,2.0,0.8416684359530748
16,9,Zendaya,4.0,2.0,2.0,2.0,0.792412772251381
17,2,Brant Daugherty,7.0,5.0,2.0,2.0,0.9693366844512864
17,7,Elizabeth Berkley Lauren,5.0,3.0,2.0,2.0,0.8667103014541576
17,8,Amber Riley,3.0,1.0,2.0,2.0,0.8866694209963957
17,11,Jack Osbourne,3.0,1.0,2.0,2.0,0.2757953512325182
18,5,Meryl Davis,5.0,3.0,2.0,2.0,0.9594529349146954
18,8,James Maslow,4.0,2.0,2.0,2.0,0.8277092875652476
18,10,James Maslow,3.0,1.0,2.0,2.0,0.3489984925992067
19,1,Janel Parrish,7.0,5.0,2.0,2.0,0.9805637095395365
19,1,Tavis Smiley,7.0,5.0,2.0,2.0,0.9805637095395365
19,2,Alfonso Ribeiro,4.0,2.0,2.0,2.0,0.9934724639254482
19,3,Tommy Chong,3.0,1.0,2.0,2.0,1.0
19,7,Sadie Robertson,5.0,3.0,2.0,2.0,0.8259313661946254
19,8,Bethany Mota,3.0,1.0,2.0,2.0,0.9359581834266806
19,8,Sadie Robertson,4.0,2.0,2.0,2.0,0.8938353292607423
19,9,Bethany Mota,3.0,1.0,2.0,2.0,0.8793289726854525
19,9,Sadie Robertson,4.0,2.0,2.0,2.0,0.8480484909821928
19,10,Alfonso Ribeiro,3.0,1.0,2.0,2.0,0.8131668716363738
19,10,Sadie Robertson,4.0,2.0,2.0,2.0,0.7585416490720781
20,1,Nastia Liukin,3.0,1.0,2.0,2.0,1.0
20,3,Rumer Willis,3.0,1.0,2.0,2.0,0.9915962363332266
20,3,Willow Shields,4.0,2.0,2.0,2.0,0.9713269188463065
20,5,Robert Herjavec,9.0,7.0,2.0,2.0,0.7462684967909803
20,6,Robert Herjavec,8.0,6.0,2.0,2.0,0.7195359308997986
20,6,Rumer Willis,4.0,2.0,2.0,2.0,0.8841023286410409
20,9,Rumer Willis,3.0,1.0,2.0,2.0,0.7823476429393006
20,10,Noah Galloway,3.0,1.0,2.0,2.0,0.10022623850384593
21,1,Andy Grammer,7.0,5.0,2.0,2.0,0.9700935454557572
21,1,Hayes Grier,7.0,5.0,2.0,2.0,0.9700935454557572
21,3,Tamar Braxton,3.0,1.0,2.0,2.0,0.9836520045468541
21,5,Nick Carter,5.0,3.0,2.0,2.0,0.9654446047860292
21,7,Tamar Braxton,6.0,4.0,2.0,2.0,0.8087823715486384
21,8,Bindi Irwin,3.0,1.0,2.0,2.0,0.8765271356800023
21,9,Tamar Braxton,6.0,4.0,2.0,2.0,0.7332630128835143
22,3,Jodie Sweetin,3.0,1.0,2.0,2.0,1.0
22,5,Paige VanZant,4.0,2.0,2.0,2.0,0.9149974338460891
22,6,Ginger Zee,6.0,4.0,2.0,2.0,0.897739924645666
22,10,Ginger Zee,3.0,1.0,2.0,2.0,0.2276596350054123
23,1,Jana Kramer,3.0,1.0,2.0,2.0,1.0
23,2,James Hinchcliffe,4.0,2.0,2.0,2.0,1.0
23,3,Terra Jole,3.0,1.0,2.0,2.0,1.0
23,3,Vanilla Ice,11.0,9.0,2.0,2.0,0.7827988675747932
23,4,Terra Jole,3.0,1.0,2.0,2.0,1.0
23,5,Laurie Hernandez,5.0,3.0,2.0,2.0,0.9216676181584476
23,6,Terra Jole,7.0,5.0,2.0,2.0,0.8387817443989466
23,7,Laurie Hernandez,3.0,1.0,2.0,2.0,0.8861458553854615
23,10,Jana Kramer,4.0,2.0,2.0,2.0,0.7867210170042469
24,1,David Ross,3.0,1.0,2.0,2.0,0.9987188517042176
24,1,Heather Morris,3.0,1.0,2.0,2.0,0.9987188517042176
24,1,Nancy Kerrigan,3.0,1.0,2.0,2.0,0.9987188517042176
24,5,David Ross,9.0,7.0,2.0,2.0,0.8080126666483022
24,5,Rashad Jennings,6.0,4.0,2.0,2.0,0.9035254245001345
24,6,Nancy Kerrigan,5.0,3.0,2.0,2.0,0.8592405083832948
24,9,Normani,3.0,1.0,2.0,2.0,0.8460903934753767
25,2,Nikki Bella,9.0,7.0,2.0,2.0,0.9134831847411766
25,2,Sasha Pieterse,4.0,2.0,2.0,2.0,0.9860670052122185
25,4,Lindsey Stirling,3.0,1.0,2.0,2.0,1.0
25,5,Lindsey Stirling,3.0,1.0,2.0,2.0,0.9981173725633612
25,7,Jordan Fisher,4.0,2.0,2.0,2.0,0.9013877333035988
25,7,Nikki Bella,8.0,6.0,2.0,2.0,0.7980188005628334
25,8,Frankie Muniz,3.0,1.0,2.0,2.0,0.8495776171086202
25,9,Frankie Muniz,4.0,2.0,2.0,2.0,0.8027123478972069
25,10,Drew Scott,4.0,2.0,2.0,2.0,0.13399582902029294
25,10,Frankie Muniz,3.0,1.0,2.0,2.0,0.29811426957249454
26,1,Mirai Nagasu,3.0,1.0,2.0,2.0,0.9840748249752655
26,1,Tonya Harding,3.0,1.0,2.0,2.0,0.9840748249752655
26,4,Tonya Harding,3.0,1.0,2.0,2.0,0.3248811856438998
27,1,Alexis Ren,3.0,1.0,2.0,2.0,1.0
27,1,Juan Pablo Di Pace,3.0,1.0,2.0,2.0,1.0
27,2,Alexis Ren,4.0,2.0,2.0,2.0,0.9929688131296543
27,4,Alexis Ren,4.0,2.0,2.0,2.0,0.9897287497050898
27,5,DeMarcus Ware,4.0,2.0,2.0,2.0,0.9849710686829175
27,5,Milo Manheim,3.0,1.0,2.0,2.0,1.0
27,6,Evanna Lynch,3.0,1.0,2.0,2.0,1.0
27,6,John Schneider,9.0,7.0,2.0,2.0,0.6997171791840118
27,9,Alexis Ren,3.0,1.0,2.0,2.0,0.35312451422553615
27,9,Bobby Bones,4.0,2.0,2.0,2.0,0.05865335591502152
28,3,James Van Der Beek,3.0,1.0,2.0,2.0,0.9808920851604299
28,3,Kel Mitchell,6.0,4.0,2.0,2.0,0.9409305756466618
28,4,Sailor Brinkley-Cook,5.0,3.0,2.0,2.0,0.9324213348591698
28,6,Kel Mitchell,4.0,2.0,2.0,2.0,0.9353272128312274
29,3,Veron Davis,4.0,2.0,2.0,2.0,1.0
29,4,Johnny Weir,3.0,1.0,2.0,2.0,0.9972841889266537
29,4,Veron Davis,8.0,6.0,2.0,2.0,0.949305164925128
29,5,Nev Schulman,3.0,1.0,2.0,2.0,1.0
29,5,Veron Davis,10.0,8.0,2.0,2.0,0.8548645646492103
29,7,AJ McLean,5.0,3.0,2.0,2.0,0.9405890606314197
29,9,Nev Schulman,3.0,1.0,2.0,2.0,0.9132885203017487
30,2,Kenya Moore,10.0,8.0,2.0,2.0,0.9459118315923272
30,3,Cody Rigsby,14.0,12.0,2.0,2.0,0.7867275292036564
30,3,Jimmie Allen,10.0,8.0,2.0,2.0,0.9038429282451733
30,4,Amanda Kloots,4.0,2.0,2.0,2.0,0.9755815193087451
30,6,Amanda Kloots,3.0,1.0,2.0,2.0,0.9741483620717679
30,8,Jimmie Allen,8.0,6.0,2.0,2.0,0.7397214912367945
30,9,Melora Hardin,5.0,3.0,2.0,2.0,0.7350452149981559
30,9,Suni Lee,3.0,1.0,2.0,2.0,0.8153520650865186
30,10,Amanda Kloots,3.0,1.0,2.0,2.0,0.3024266231980308
30,10,Cody Rigsby,4.0,2.0,2.0,2.0,0.0721385417554925
31,4,Daniel Durant,9.0,7.0,2.0,2.0,0.9188429576683208
31,4,Jordin Sparks,4.0,2.0,2.0,2.0,0.9853544342097887
31,4,Trevor Donovan,11.0,9.0,2.0,2.0,0.8371232794315258
31,5,Jordin Sparks,9.0,7.0,2.0,2.0,0.9358651297607825
31,5,Selma Blair,4.0,2.0,2.0,2.0,0.991920612893231
31,6,Wayne Brady,5.0,3.0,2.0,2.0,0.9394245585077657
31,8,Gabby Windey,4.0,2.0,2.0,2.0,0.9195710306818301
31,9,Wayne Brady,3.0,1.0,2.0,2.0,0.8464035458257257
31,10,Wayne Brady,3.0,1.0,2.0,2.0,0.28414005817404564
32,3,Adrian Peterson,11.0,9.0,2.0,2.0,0.7654335839342744
32,3,Xochitl Gomez,3.0,1.0,2.0,2.0,1.0
32,5,Mira Sorvino,8.0,6.0,2.0,2.0,0.8246244969556008
32,7,Charity Lawson,4.0,2.0,2.0,2.0,0.8536686078084081
32,8,Jason Mraz,6.0,4.0,2.0,2.0,0.7854989649374304
32,10,Ariana Madix,3.0,1.0,2.0,2.0,0.8651027790436265
32,11,Alyson Hannigan,5.0,3.0,2.0,2.0,0.03147991023082586
32,11,Ariana Madix,3.0,1.0,2.0,2.0,0.3576328109347988
33,7,Stephen Nedoroscik,3.0,1.0,2.0,2.0,0.8837616335473282
33,9,Ilona Maher,4.0,2.0,2.0,2.0,0.28474696750962525
34,4,Dylan Efron,5.0,3.0,2.0,2.0,0.9673600209695746
34,7,Elaine Hendrix,8.0,6.0,2.0,2.0,0.8162493966367393
34,8,Dylan Efron,4.0,2.0,2.0,2.0,0.8832239935439815
34,9,Alix Earle,4.0,2.0,2.0,2.0,0.8546679145882793
34,11,Dylan Efron,4.0,2.0,2.0,2.0,0.24967765035322098
2,1,Jerry Rice,5.0,7.0,2.0,-2.0,0.9448826904805375
2,5,George Hamilton,4.0,6.0,2.0,-2.0,0.7730214476664912
2,7,Drew Lachey,1.0,3.0,2.0,-2.0,0.9137011410194589
2,8,Drew Lachey,1.0,3.0,2.0,-2.0,0.363447600823426
3,2,Emmitt Smith,3.0,5.0,2.0,-2.0,0.9765295633413682
3,2,Joey Lawrence,1.0,3.0,2.0,-2.0,1.0
3,2,Sara Evans,7.0,9.0,2.0,-2.0,0.8464959088335502
3,3,Sara Evans,3.0,5.0,2.0,-2.0,0.9411893263232116
3,3,Vivica A. Fox,1.0,3.0,2.0,-2.0,0.9750610365103237
3,3,Willa Ford,4.0,6.0,2.0,-2.0,0.9261690019794077
3,4,Emmitt Smith,4.0,6.0,2.0,-2.0,0.8755211741814837
3,5,Mario Lopez,1.0,3.0,2.0,-2.0,0.9086681936972275
3,6,Emmitt Smith,2.0,4.0,2.0,-2.0,0.8519808532932328
3,9,Emmitt Smith,1.0,3.0,2.0,-2.0,0.8022025102127448
4,2,Paulina Porizkova,6.0,8.0,2.0,-2.0,0.8951134952420727
4,5,Apolo Anton Ohno,1.0,3.0,2.0,-2.0,1.0
4,9,Laila Ali,1.0,3.0,2.0,-2.0,0.8346541926072409
4,10,Apolo Anton Ohno,1.0,3.0,2.0,-2.0,0.32329013397646533
5,2,Albert Reed,5.0,7.0,2.0,-2.0,0.9322298467983079
5,2,Cameron Mathison,5.0,7.0,2.0,-2.0,0.9322298467983079
5,2,Jennie Garth,5.0,7.0,2.0,-2.0,0.9322298467983079
5,4,Jennie Garth,2.0,4.0,2.0,-2.0,0.9828537155272178
5,5,Cameron Mathison,3.0,5.0,2.0,-2.0,0.9410699204978995
5,6,Jennie Garth,3.0,5.0,2.0,-2.0,0.9071174084751981
5,8,Helio Castroneves,1.0,3.0,2.0,-2.0,0.8504883457906406
5,9,Helio Castroneves,1.0,3.0,2.0,-2.0,0.8560455854569174
5,10,Mel B,1.0,3.0,2.0,-2.0,0.3669683326928812
6,5,Mario,2.0,4.0,2.0,-2.0,0.9324852029838608
6,7,Marissa Jaret Winokur,3.0,5.0,2.0,-2.0,0.8304826238914351
6,10,Kristi Yamaguchi,1.0,3.0,2.0,-2.0,0.3617507707862754
7,1,Toni Braxton,2.0,4.0,2.0,-2.0,1.0
7,2,Brooke Burke,1.0,3.0,2.0,-2.0,0.9970679633442152
7,2,Cody Linley,4.0,6.0,2.0,-2.0,0.9376870361292435
7,3,Maurice Greene,3.0,5.0,2.0,-2.0,0.9467833182791817
7,4,Cody Linley,4.0,6.0,2.0,-2.0,0.9325380146968527
7,7,Lance Bass,2.0,4.0,2.0,-2.0,0.8741527981581854
7,10,Brooke Burke,1.0,3.0,2.0,-2.0,0.36682016407306095
8,2,Belinda Carlisle,9.0,11.0,2.0,-2.0,0.8534932755630014
8,2,Lawrence Taylor,6.0,8.0,2.0,-2.0,0.9605728342141042
8,2,Steve Wozniak,11.0,13.0,2.0,-2.0,0.7879952273534918
8,3,David Alan Grier,5.0,7.0,2.0,-2.0,0.9374526357466684
8,4,David Alan Grier,6.0,8.0,2.0,-2.0,0.910591535481936
8,4,Melissa Rycroft,2.0,4.0,2.0,-2.0,1.0
8,5,Lil' Kim,2.0,4.0,2.0,-2.0,0.9759979553775913
8,6,Melissa Rycroft,2.0,4.0,2.0,-2.0,0.9395041924939291
8,7,Chuck Wicks,3.0,5.0,2.0,-2.0,0.8793865195643185
8,7,Melissa Rycroft,1.0,3.0,2.0,-2.0,0.9636986677968695
8,10,Gilles Marini,1.0,3.0,2.0,-2.0,0.8784606783713333
8,11,Shawn Johnson,1.0,3.0,2.0,-2.0,0.3410263184854121
9,1,Kelly Osbourne,4.0,6.0,2.0,-2.0,1.0
9,1,Michael Irvin,14.0,16.0,2.0,-2.0,0.8502551199302908
9,2,Aaron Carter,1.0,3.0,2.0,-2.0,1.0
9,2,Chuck Liddell,9.0,11.0,2.0,-2.0,0.8772013420304473
9,2,Mya,1.0,3.0,2.0,-2.0,1.0
9,3,Melissa Joan Hart,8.0,10.0,2.0,-2.0,0.8778283694093381
9,5,Aaron Carter,4.0,6.0,2.0,-2.0,0.912981681641377
9,5,Mya,2.0,4.0,2.0,-2.0,0.9595952420070621
9,6,Mya,2.0,4.0,2.0,-2.0,1.0
9,7,Aaron Carter,2.0,4.0,2.0,-2.0,0.8828691927671448
9,10,Donny Osmond,1.0,3.0,2.0,-2.0,0.2888033711012006
10,1,Nicole Scherzinger,1.0,3.0,2.0,-2.0,1.0
10,2,Niecy Nash,5.0,7.0,2.0,-2.0,0.9215947552647217
10,3,Evan Lysacek,1.0,3.0,2.0,-2.0,1.0
10,3,Niecy Nash,4.0,6.0,2.0,-2.0,0.9191067384938161
10,5,Jake Pavelka,3.0,5.0,2.0,-2.0,0.9234830538839024
10,6,Chad Ochocinco,3.0,5.0,2.0,-2.0,0.9107037974163814
10,9,Nicole Scherzinger,1.0,3.0,2.0,-2.0,0.8735239509196475
10,10,Nicole Scherzinger,1.0,3.0,2.0,-2.0,0.3487618767253686
11,3,Brandy,2.0,4.0,2.0,-2.0,0.9659146329377072
11,3,The Situation,7.0,9.0,2.0,-2.0,0.7891439338690761
11,6,Brandy,1.0,3.0,2.0,-2.0,1.0
11,7,Brandy,1.0,3.0,2.0,-2.0,0.8595957660136131
11,7,Kurt Warner,3.0,5.0,2.0,-2.0,0.7402019981417491
11,10,Jennifer Grey,1.0,3.0,2.0,-2.0,0.38141851375456615
12,2,Sugar Ray Leonard,9.0,11.0,2.0,-2.0,0.7513108063206628
12,3,Ralph Macchio,5.0,7.0,2.0,-2.0,0.9312902166729676
12,4,Romeo,4.0,6.0,2.0,-2.0,0.9338260647033013
12,5,Hines Ward,1.0,3.0,2.0,-2.0,0.9502274118427737
12,5,Kendra Wilkinson,6.0,8.0,2.0,-2.0,0.8189027758423422
12,5,Kirstie Alley,5.0,7.0,2.0,-2.0,0.833253383094032
12,7,Hines Ward,1.0,3.0,2.0,-2.0,0.8533395616982451
12,8,Kirstie Alley,3.0,5.0,2.0,-2.0,0.7605123447957165
12,10,Hines Ward,1.0,3.0,2.0,-2.0,0.36380384209335004
13,1,David Arquette,6.0,8.0,2.0,-2.0,0.8896220701984253
13,2,Carson Kressley,9.0,11.0,2.0,-2.0,0.7731046837988879
13,2,J.R. Martinez,2.0,4.0,2.0,-2.0,0.9811193845615502
13,3,Hope Solo,4.0,6.0,2.0,-2.0,0.9406938094959124
13,3,Ricki Lake,1.0,3.0,2.0,-2.0,1.0
13,4,Chaz Bono,6.0,8.0,2.0,-2.0,0.7659695613925822
13,7,Ricki Lake,1.0,3.0,2.0,-2.0,0.9031846779683355
13,8,Hope Solo,2.0,4.0,2.0,-2.0,0.7942301829552303
13,8,J.R. Martinez,1.0,3.0,2.0,-2.0,0.8804785508457338
13,10,Rob Kardashian,1.0,3.0,2.0,-2.0,0.2871712357606455
14,1,William Levy,3.0,5.0,2.0,-2.0,1.0
14,2,Gavin DeGraw,8.0,10.0,2.0,-2.0,0.8455283000117599
14,3,Donald Driver,4.0,6.0,2.0,-2.0,0.9711565443643995
14,3,Gladys Knight,7.0,9.0,2.0,-2.0,0.8487236108494709
14,3,Katherine Jenkins,1.0,3.0,2.0,-2.0,1.0
14,4,Donald Driver,1.0,3.0,2.0,-2.0,1.0
14,4,Gavin DeGraw,5.0,7.0,2.0,-2.0,0.8696325997088573
14,5,Katherine Jenkins,1.0,3.0,2.0,-2.0,1.0
14,5,Maria Menounos,3.0,5.0,2.0,-2.0,0.9753152878195875
14,5,William Levy,1.0,3.0,2.0,-2.0,1.0
14,6,Jaleel White,2.0,4.0,2.0,-2.0,1.0
14,6,Melissa Gilbert,5.0,7.0,2.0,-2.0,0.806092322668504
14,7,Katherine Jenkins,2.0,4.0,2.0,-2.0,0.8998053967922154
14,7,William Levy,3.0,5.0,2.0,-2.0,0.8619370254191467
14,8,Roshon Fegan,2.0,4.0,2.0,-2.0,0.7982874255246253
14,10,Katherine Jenkins,1.0,3.0,2.0,-2.0,0.30528808108195404
15,1,Emmitt Smith,1.0,3.0,2.0,-2.0,1.0
15,2,Apolo Anton Ohno,4.0,6.0,2.0,-2.0,0.9651579758157207
15,2,Drew Lachey,7.0,9.0,2.0,-2.0,0.8989010869356836
15,2,Sabrina Bryan,1.0,3.0,2.0,-2.0,1.0
15,2,Shawn Johnson,3.0,5.0,2.0,-2.0,0.9796352006038763
15,4,Gilles Marini,1.0,3.0,2.0,-2.0,0.9666640084600835
16,2,Ingo Rademacher,5.0,7.0,2.0,-2.0,0.9540938784838611
16,2,Kellie Pickler,1.0,3.0,2.0,-2.0,1.0
16,2,Zendaya,1.0,3.0,2.0,-2.0,1.0
16,3,Ingo Rademacher,6.0,8.0,2.0,-2.0,0.9059096641514759
16,4,Alexandra Raisman,1.0,3.0,2.0,-2.0,1.0
16,4,Andy Dick,6.0,8.0,2.0,-2.0,0.8168600136322701
16,5,Kellie Pickler,2.0,4.0,2.0,-2.0,0.978305266481122
16,5,Zendaya,1.0,3.0,2.0,-2.0,1.0
16,6,Sean Lowe,4.0,6.0,2.0,-2.0,0.8275634363916573
16,9,Alexandra Raisman,1.0,3.0,2.0,-2.0,0.867630295268379
16,10,Kellie Pickler,1.0,3.0,2.0,-2.0,0.33827763461993543
17,3,Christina Milian,2.0,4.0,2.0,-2.0,1.0
17,3,Corbin Bleu,2.0,4.0,2.0,-2.0,1.0
17,4,"Nicole ""Snooki"" Polizzi",4.0,6.0,2.0,-2.0,0.9497931909720739
17,5,"Nicole ""Snooki"" Polizzi",3.0,5.0,2.0,-2.0,0.9403131337935373
17,6,Brant Daugherty,3.0,5.0,2.0,-2.0,0.9301888378210084
17,6,Elizabeth Berkley Lauren,2.0,4.0,2.0,-2.0,0.971439096456853
17,7,Brant Daugherty,3.0,5.0,2.0,-2.0,0.865079036845666
17,8,Leah Remini,3.0,5.0,2.0,-2.0,0.8107664209292968
17,9,Leah Remini,3.0,5.0,2.0,-2.0,0.7805687267812749
17,10,Amber Riley,1.0,3.0,2.0,-2.0,0.8141541522012464
18,2,Charlie White,1.0,3.0,2.0,-2.0,1.0
18,2,James Maslow,1.0,3.0,2.0,-2.0,1.0
18,2,Meryl Davis,1.0,3.0,2.0,-2.0,1.0
18,4,Drew Carey,4.0,6.0,2.0,-2.0,0.8888463685619719
18,4,NeNe Leakes,6.0,8.0,2.0,-2.0,0.8381782382340145
18,5,Amy Purdy,3.0,5.0,2.0,-2.0,0.9668007169163725
18,6,Charlie White,3.0,5.0,2.0,-2.0,0.8897115814793525
18,6,Meryl Davis,1.0,3.0,2.0,-2.0,0.9583924555726846
18,8,Candace Cameron Bure,4.0,6.0,2.0,-2.0,0.6298703475996181
19,2,Bethany Mota,3.0,5.0,2.0,-2.0,0.9825587050214406
19,2,Betsey Johnson,8.0,10.0,2.0,-2.0,0.8618213711074416
19,3,Bethany Mota,1.0,3.0,2.0,-2.0,1.0
19,3,Janel Parrish,1.0,3.0,2.0,-2.0,1.0
19,3,Sadie Robertson,4.0,6.0,2.0,-2.0,0.9375580009773732
19,6,Bethany Mota,2.0,4.0,2.0,-2.0,0.9429968137754761
19,6,Michael Waltrip,7.0,9.0,2.0,-2.0,0.5930925860762253
19,7,Alfonso Ribeiro,3.0,5.0,2.0,-2.0,0.8674555976274421
19,7,Lea Thompson,2.0,4.0,2.0,-2.0,0.8983624249810747
19,9,Janel Parrish,1.0,3.0,2.0,-2.0,0.916144961136946
19,10,Bethany Mota,2.0,4.0,2.0,-2.0,0.814888872889555
19,10,Janel Parrish,1.0,3.0,2.0,-2.0,0.8670687925779559
20,1,Rumer Willis,1.0,3.0,2.0,-2.0,1.0
20,2,Patti LaBelle,6.0,8.0,2.0,-2.0,0.9244272632043786
20,2,Suzanne Somers,6.0,8.0,2.0,-2.0,0.9244272632043786
20,3,Nastia Liukin,1.0,3.0,2.0,-2.0,1.0
20,3,Riker Lynch,1.0,3.0,2.0,-2.0,1.0
20,5,Chris Soules,7.0,9.0,2.0,-2.0,0.7256077489846862
20,6,Nastia Liukin,2.0,4.0,2.0,-2.0,0.9057145753473776
20,6,Riker Lynch,1.0,3.0,2.0,-2.0,0.933730109956478
20,7,Noah Galloway,3.0,5.0,2.0,-2.0,0.817967726731925
20,8,Chris Soules,4.0,6.0,2.0,-2.0,0.6520349317302674
20,8,Rumer Willis,1.0,3.0,2.0,-2.0,0.8833308401604423
20,9,Nastia Liukin,1.0,3.0,2.0,-2.0,0.7966981586090751
20,10,Rumer Willis,1.0,3.0,2.0,-2.0,0.29924873949950226
21,2,Kim Zolciak-Biermann,9.0,11.0,2.0,-2.0,0.8490277019702503
21,3,Alek Skarlatos,3.0,5.0,2.0,-2.0,0.9703022393409383
21,6,Bindi Irwin,1.0,3.0,2.0,-2.0,1.0
21,7,Alexa PenaVega,5.0,7.0,2.0,-2.0,0.7954980602980339
21,7,Bindi Irwin,1.0,3.0,2.0,-2.0,0.9199892060327448
21,9,Bindi Irwin,1.0,3.0,2.0,-2.0,0.9029751034888619
21,10,Bindi Irwin,1.0,3.0,2.0,-2.0,0.8763159972652073
21,11,Carlos PenaVega,1.0,3.0,2.0,-2.0,0.3587529468910904
22,1,Ginger Zee,1.0,3.0,2.0,-2.0,1.0
22,1,Marla Maples,4.0,6.0,2.0,-2.0,0.9824484970808561
22,1,Nyle DiMarco,1.0,3.0,2.0,-2.0,1.0
22,1,Paige VanZant,4.0,6.0,2.0,-2.0,0.9824484970808561
22,1,Wanya Morris,1.0,3.0,2.0,-2.0,1.0
22,2,Von Miller,5.0,7.0,2.0,-2.0,0.969488589996818
22,3,Doug Flutie,8.0,10.0,2.0,-2.0,0.8625842936173453
22,3,Nyle DiMarco,1.0,3.0,2.0,-2.0,1.0
22,3,Wanya Morris,2.0,4.0,2.0,-2.0,0.9778660825751522
22,4,Antonio Brown,3.0,5.0,2.0,-2.0,0.947064505093419
22,4,Paige VanZant,1.0,3.0,2.0,-2.0,0.9736789633620074
22,5,Doug Flutie,7.0,9.0,2.0,-2.0,0.704642369599225
22,5,Ginger Zee,3.0,5.0,2.0,-2.0,0.9068855309493232
22,6,Kim Fields,6.0,8.0,2.0,-2.0,0.8113475058568556
22,7,Antonio Brown,5.0,7.0,2.0,-2.0,0.7900888104169951
22,10,Paige VanZant,1.0,3.0,2.0,-2.0,0.3550009644412526
23,1,James Hinchcliffe,1.0,3.0,2.0,-2.0,1.0
23,1,Laurie Hernandez,1.0,3.0,2.0,-2.0,1.0
23,2,Jake T. Austin,10.0,12.0,2.0,-2.0,0.7478618437949656
23,2,Jana Kramer,4.0,6.0,2.0,-2.0,0.978284616897684
23,2,Terra Jole,2.0,4.0,2.0,-2.0,1.0
23,3,Amber Rose,8.0,10.0,2.0,-2.0,0.801591687887955
23,3,Marilu Henner,5.0,7.0,2.0,-2.0,0.9081089675254251
23,3,Ryan Lochte,8.0,10.0,2.0,-2.0,0.801591687887955
23,4,Maureen McCormick,4.0,6.0,2.0,-2.0,0.9433434644913242
23,4,Ryan Lochte,9.0,11.0,2.0,-2.0,0.8057168528058241
23,5,Amber Rose,6.0,8.0,2.0,-2.0,0.8227751123764345
23,6,Marilu Henner,5.0,7.0,2.0,-2.0,0.851288393404144
23,6,Ryan Lochte,7.0,9.0,2.0,-2.0,0.7061969869221043
23,7,James Hinchcliffe,1.0,3.0,2.0,-2.0,0.910156134252425
23,7,Ryan Lochte,6.0,8.0,2.0,-2.0,0.6912021348998098
23,9,Jana Kramer,1.0,3.0,2.0,-2.0,0.8597950391879178
23,9,Terra Jole,3.0,5.0,2.0,-2.0,0.7706697625633331
24,1,Rashad Jennings,2.0,4.0,2.0,-2.0,1.0
24,2,Nancy Kerrigan,5.0,7.0,2.0,-2.0,0.9456789358958715
24,2,Normani,1.0,3.0,2.0,-2.0,1.0
24,2,Rashad Jennings,1.0,3.0,2.0,-2.0,1.0
24,3,Mr. T,9.0,11.0,2.0,-2.0,0.6693511480371295
24,5,Erika Jayne,6.0,8.0,2.0,-2.0,0.8059880924801375
24,5,Nancy Kerrigan,3.0,5.0,2.0,-2.0,0.9270820812784165
24,5,Nick Viall,4.0,6.0,2.0,-2.0,0.8742318998553508
24,9,Simone Biles,1.0,3.0,2.0,-2.0,0.8246033202213194
24,10,Rashad Jennings,1.0,3.0,2.0,-2.0,0.3266143932654171
25,2,Debbie Gibson,7.0,9.0,2.0,-2.0,0.8832292305799072
25,2,Frankie Muniz,1.0,3.0,2.0,-2.0,1.0
25,2,Jordan Fisher,1.0,3.0,2.0,-2.0,1.0
25,2,Vanessa Lachey,3.0,5.0,2.0,-2.0,0.9862301469263867
25,4,Drew Scott,4.0,6.0,2.0,-2.0,0.9450755102475599
25,5,Jordan Fisher,1.0,3.0,2.0,-2.0,0.9965229027299717
25,7,Victoria Arlen,2.0,4.0,2.0,-2.0,0.9111082538298301
25,9,Jordan Fisher,1.0,3.0,2.0,-2.0,0.8925317291563204
25,10,Jordan Fisher,1.0,3.0,2.0,-2.0,0.3427672891019884
26,1,Adam Rippon,1.0,3.0,2.0,-2.0,1.0
26,1,Josh Norman,1.0,3.0,2.0,-2.0,1.0
26,2,Chris Mazdzer,4.0,6.0,2.0,-2.0,0.8969358273826769
26,4,Adam Rippon,1.0,3.0,2.0,-2.0,0.3972705411839059
27,1,Danelle Umstead,9.0,11.0,2.0,-2.0,0.8755369709670049
27,1,DeMarcus Ware,1.0,3.0,2.0,-2.0,1.0
27,1,Mary Lou Retton,5.0,7.0,2.0,-2.0,0.9644977025428751
27,1,Nancy McKeon,8.0,10.0,2.0,-2.0,0.9086928927121294
27,1,Tinashe,1.0,3.0,2.0,-2.0,1.0
27,2,Evanna Lynch,5.0,7.0,2.0,-2.0,0.9501326594228305
27,2,Juan Pablo Di Pace,1.0,3.0,2.0,-2.0,1.0
27,2,Milo Manheim,1.0,3.0,2.0,-2.0,1.0
27,2,Tinashe,1.0,3.0,2.0,-2.0,1.0
27,6,Joe Amabile,7.0,9.0,2.0,-2.0,0.6347772221678255
27,6,Juan Pablo Di Pace,1.0,3.0,2.0,-2.0,1.0
27,6,Milo Manheim,1.0,3.0,2.0,-2.0,1.0
27,9,Evanna Lynch,1.0,3.0,2.0,-2.0,0.4267504474685455
28,1,James Van Der Beek,1.0,3.0,2.0,-2.0,1.0
28,1,Sailor Brinkley-Cook,4.0,6.0,2.0,-2.0,0.937975028884699
28,3,Hannah Brown,5.0,7.0,2.0,-2.0,0.938260570097733
28,3,Sailor Brinkley-Cook,3.0,5.0,2.0,-2.0,0.9714025686503509
28,4,Karamo Brown,6.0,8.0,2.0,-2.0,0.8131983486708128
28,5,James Van Der Beek,2.0,4.0,2.0,-2.0,0.9698672416553906
28,6,Karamo Brown,6.0,8.0,2.0,-2.0,0.7803545135350661
28,8,Hannah Brown,2.0,4.0,2.0,-2.0,0.9101806855953339
28,8,James Van Der Beek,1.0,3.0,2.0,-2.0,0.9671487690786529
28,10,Lauren Alaina,3.0,5.0,2.0,-2.0,0.6907017984560067
29,2,Carole Baskin,12.0,14.0,2.0,-2.0,0.7677395727072089
29,2,Nev Schulman,2.0,4.0,2.0,-2.0,0.9925665408832373
29,3,AJ McLean,7.0,9.0,2.0,-2.0,0.9299543101808102
29,3,Nelly,11.0,13.0,2.0,-2.0,0.8136302263428813
29,4,Anne Heche,10.0,12.0,2.0,-2.0,0.8086011444154516
29,5,Jeannie Mai,5.0,7.0,2.0,-2.0,0.9026310265492969
29,5,Johnny Weir,1.0,3.0,2.0,-2.0,1.0
29,6,Nelly,7.0,9.0,2.0,-2.0,0.8166055990947496
29,8,Nev Schulman,1.0,3.0,2.0,-2.0,0.9390897601753405
29,10,Nev Schulman,1.0,3.0,2.0,-2.0,0.8882351908309679
29,11,Kaitlyn Bristowe,1.0,3.0,2.0,-2.0,0.3294832509604373
30,1,Amanda Kloots,2.0,4.0,2.0,-2.0,1.0
30,1,Suni Lee,2.0,4.0,2.0,-2.0,1.0
30,2,Cody Rigsby,10.0,12.0,2.0,-2.0,0.9085526818336088
30,2,Iman Shumpert,9.0,11.0,2.0,-2.0,0.9171112186820051
30,2,Melanie C,3.0,5.0,2.0,-2.0,1.0
30,3,Brian Austin Green,12.0,14.0,2.0,-2.0,0.7615472465877814
30,3,JoJo Siwa,1.0,3.0,2.0,-2.0,0.9993123852250926
30,3,Kenya Moore,7.0,9.0,2.0,-2.0,0.9037424008367528
30,3,"Mike ""The Miz"" Mizanin",5.0,7.0,2.0,-2.0,0.9468978476563822
30,4,JoJo Siwa,2.0,4.0,2.0,-2.0,0.9796918030348756
30,4,Melora Hardin,1.0,3.0,2.0,-2.0,1.0
30,5,Suni Lee,3.0,5.0,2.0,-2.0,0.9392360474550954
30,6,JoJo Siwa,1.0,3.0,2.0,-2.0,0.9823110495919009
30,8,Amanda Kloots,1.0,3.0,2.0,-2.0,0.9396837237387824
30,8,Cody Rigsby,5.0,7.0,2.0,-2.0,0.7825207215897996
30,10,JoJo Siwa,1.0,3.0,2.0,-2.0,0.3044659984151177
31,2,Heidi D'Amelio,6.0,8.0,2.0,-2.0,0.9478145702897729
31,2,Jessie James Decker,12.0,14.0,2.0,-2.0,0.7843833986521377
31,3,Jessie James Decker,11.0,13.0,2.0,-2.0,0.7357920066733165
31,3,Jordin Sparks,7.0,9.0,2.0,-2.0,0.9123853142102832
31,4,Charli D'Amelio,1.0,3.0,2.0,-2.0,1.0
31,4,Gabby Windey,1.0,3.0,2.0,-2.0,1.0
31,4,Shangela,6.0,8.0,2.0,-2.0,0.9212294789403764
31,4,Wayne Brady,1.0,3.0,2.0,-2.0,1.0
31,5,Trevor Donovan,7.0,9.0,2.0,-2.0,0.8949673878876185
31,6,Heidi D'Amelio,3.0,5.0,2.0,-2.0,0.9401782384508635
31,6,Trevor Donovan,5.0,7.0,2.0,-2.0,0.87985899557564
31,7,Charli D'Amelio,1.0,3.0,2.0,-2.0,0.9507175258447862
31,8,Charli D'Amelio,1.0,3.0,2.0,-2.0,0.9641975125783369
31,8,Shangela,3.0,5.0,2.0,-2.0,0.9276903705873615
31,10,Gabby Windey,1.0,3.0,2.0,-2.0,0.3327301942293981
32,2,Jason Mraz,1.0,3.0,2.0,-2.0,1.0
32,2,Lele Pons,3.0,5.0,2.0,-2.0,0.9828956710662176
32,2,Xochitl Gomez,1.0,3.0,2.0,-2.0,1.0
32,3,Ariana Madix,1.0,3.0,2.0,-2.0,1.0
32,3,Harry Jowsey,8.0,10.0,2.0,-2.0,0.7867424792192901
32,3,Jason Mraz,1.0,3.0,2.0,-2.0,1.0
32,4,Adrian Peterson,6.0,8.0,2.0,-2.0,0.7989389669259003
32,4,Mauricio Umansky,9.0,11.0,2.0,-2.0,0.7040235203125935
32,7,Xochitl Gomez,1.0,3.0,2.0,-2.0,0.9217094172861618
32,10,Xochitl Gomez,1.0,3.0,2.0,-2.0,0.892278162281768
33,2,Phaedra Parks,5.0,7.0,2.0,-2.0,0.9295886220774322
33,3,Phaedra Parks,7.0,9.0,2.0,-2.0,0.8909768348934362
33,4,Brooks Nader,4.0,6.0,2.0,-2.0,0.8774628191945806
33,4,Danny Amendola,1.0,3.0,2.0,-2.0,0.9364090119507948
33,5,Danny Amendola,4.0,6.0,2.0,-2.0,0.868696738219806
33,5,Dwight Howard ,6.0,8.0,2.0,-2.0,0.7681171999734226
33,7,Chandler Kinney,1.0,3.0,2.0,-2.0,0.924899094001827
33,8,Chandler Kinney,1.0,3.0,2.0,-2.0,0.8755887360503494
33,9,Stephen Nedoroscik,2.0,4.0,2.0,-2.0,0.3426044920008373
34,5,Scott Hoying,6.0,8.0,2.0,-2.0,0.7938020649189154
34,6,Robert Irwin,3.0,5.0,2.0,-2.0,0.9391211084124442
34,7,Whitney Leavitt,2.0,4.0,2.0,-2.0,1.0
34,9,Dylan Efron,1.0,3.0,2.0,-2.0,0.9137108703464607
34,10,Alix Earle,2.0,4.0,2.0,-2.0,0.8555102049364223
34,10,Elaine Hendrix,4.0,6.0,2.0,-2.0,0.735152477622002
34,11,Robert Irwin,2.0,4.0,2.0,-2.0,0.3248376318847992
1,4,Kelly Monaco,1.0,4.0,3.0,-3.0,0.7959067609172222
2,1,Drew Lachey,1.0,4.0,3.0,-3.0,1.0
2,4,Drew Lachey,1.0,4.0,3.0,-3.0,1.0
3,1,Mario Lopez,1.0,4.0,3.0,-3.0,1.0
3,3,Harry Hamlin,4.0,7.0,3.0,-3.0,0.9144734260448685
3,5,Willa Ford,1.0,4.0,3.0,-3.0,0.9067553458821743
3,7,Emmitt Smith,1.0,4.0,3.0,-3.0,0.8828907740448699
4,2,Laila Ali,1.0,4.0,3.0,-3.0,1.0
4,2,Leeza Gibbons,6.0,9.0,3.0,-3.0,0.8886520070720278
4,3,Ian Ziering,1.0,4.0,3.0,-3.0,0.9796444757609155
4,3,Shandi Finnessey,6.0,9.0,3.0,-3.0,0.8501478668482225
4,4,Joey Fatone,1.0,4.0,3.0,-3.0,1.0
4,7,Joey Fatone,1.0,4.0,3.0,-3.0,0.947824112394728
4,9,Joey Fatone,1.0,4.0,3.0,-3.0,0.833992334323729
5,1,Sabrina Bryan,1.0,4.0,3.0,-3.0,1.0
5,2,Helio Castroneves,1.0,4.0,3.0,-3.0,1.0
5,3,Jane Seymour,1.0,4.0,3.0,-3.0,1.0
5,3,Mel B,1.0,4.0,3.0,-3.0,1.0
5,3,Sabrina Bryan,1.0,4.0,3.0,-3.0,1.0
5,7,Marie Osmond,3.0,6.0,3.0,-3.0,0.7469014430367639
6,3,Adam Carolla,6.0,9.0,3.0,-3.0,0.8263551222127437
6,4,Marissa Jaret Winokur,5.0,8.0,3.0,-3.0,0.8430502307748406
6,5,Marissa Jaret Winokur,4.0,7.0,3.0,-3.0,0.8437666973536118
7,2,Misty May-Treanor,4.0,7.0,3.0,-3.0,0.9229527148856947
7,4,Cloris Leachman,5.0,8.0,3.0,-3.0,0.7946571915595076
7,5,Maurice Greene,3.0,6.0,3.0,-3.0,0.8799901040469733
8,2,Gilles Marini,1.0,4.0,3.0,-3.0,1.0
8,3,Gilles Marini,1.0,4.0,3.0,-3.0,1.0
8,3,Melissa Rycroft,1.0,4.0,3.0,-3.0,1.0
8,3,Shawn Johnson,1.0,4.0,3.0,-3.0,1.0
8,8,Lil' Kim,1.0,4.0,3.0,-3.0,0.8904640543429743
8,8,Ty Murray,3.0,6.0,3.0,-3.0,0.7013877497982917
8,9,Melissa Rycroft,1.0,4.0,3.0,-3.0,0.8239841578251925
9,2,Melissa Joan Hart,9.0,12.0,3.0,-3.0,0.8455903913974564
9,3,Donny Osmond,4.0,7.0,3.0,-3.0,0.9451808702945566
9,3,Mya,1.0,4.0,3.0,-3.0,1.0
9,4,Donny Osmond,4.0,7.0,3.0,-3.0,0.9437787723404304
9,8,Joanna Krupa,2.0,5.0,3.0,-3.0,0.8120848114110477
11,2,Jennifer Grey,1.0,4.0,3.0,-3.0,1.0
11,2,Kurt Warner,5.0,8.0,3.0,-3.0,0.9076914567046185
11,3,Rick Fox,2.0,5.0,3.0,-3.0,0.962089022103036
12,3,Kirstie Alley,5.0,8.0,3.0,-3.0,0.9079349486854963
12,5,Romeo,2.0,5.0,3.0,-3.0,0.9317762807431804
13,2,Rob Kardashian,4.0,7.0,3.0,-3.0,0.9264612331639569
13,3,David Arquette,4.0,7.0,3.0,-3.0,0.8973671992185877
13,5,David Arquette,2.0,5.0,3.0,-3.0,0.9196843095098447
13,7,Hope Solo,3.0,6.0,3.0,-3.0,0.7978990806395576
14,3,Gavin DeGraw,7.0,10.0,3.0,-3.0,0.8384724643767807
14,3,William Levy,2.0,5.0,3.0,-3.0,0.9900490996569231
14,4,Melissa Gilbert,6.0,9.0,3.0,-3.0,0.8021532854579366
14,9,Maria Menounos,1.0,4.0,3.0,-3.0,0.8129532724276235
15,2,Joey Fatone,7.0,10.0,3.0,-3.0,0.8734026618364726
15,3,Apolo Anton Ohno,4.0,7.0,3.0,-3.0,0.9348913691456597
15,4,Kelly Monaco,3.0,6.0,3.0,-3.0,0.9147694821285728
15,4,Shawn Johnson,1.0,4.0,3.0,-3.0,0.9627728969569727
15,5,Gilles Marini,2.0,5.0,3.0,-3.0,0.9322664030247424
15,5,Sabrina Bryan,1.0,4.0,3.0,-3.0,0.9475558865654807
15,6,Kirstie Alley,5.0,8.0,3.0,-3.0,0.6887012496854301
15,6,Sabrina Bryan,1.0,4.0,3.0,-3.0,0.9443985958260313
15,7,Kelly Monaco,3.0,6.0,3.0,-3.0,0.853357560231915
15,9,Shawn Johnson,1.0,4.0,3.0,-3.0,0.7856204985961975
16,3,Jacoby Jones,1.0,4.0,3.0,-3.0,1.0
16,3,Zendaya,1.0,4.0,3.0,-3.0,1.0
16,8,Zendaya,1.0,4.0,3.0,-3.0,0.9240615487407462
16,9,Jacoby Jones,1.0,4.0,3.0,-3.0,0.8631895580913087
16,10,Zendaya,1.0,4.0,3.0,-3.0,0.3194556501908208
17,1,Corbin Bleu,2.0,5.0,3.0,-3.0,1.0
17,1,Elizabeth Berkley Lauren,2.0,5.0,3.0,-3.0,1.0
17,3,Bill Engvall,6.0,9.0,3.0,-3.0,0.9051114920515391
17,4,Jack Osbourne,4.0,7.0,3.0,-3.0,0.9084570301275929
17,5,Brant Daugherty,3.0,6.0,3.0,-3.0,0.9067094533575695
17,5,Corbin Bleu,1.0,4.0,3.0,-3.0,0.9887954081898483
17,7,Amber Riley,1.0,4.0,3.0,-3.0,0.9164387670805909
17,11,Amber Riley,1.0,4.0,3.0,-3.0,0.3539947281191531
18,1,Candace Cameron Bure,2.0,5.0,3.0,-3.0,1.0
18,2,Sean Avery,7.0,10.0,3.0,-3.0,0.8770235298144268
18,3,Charlie White,2.0,5.0,3.0,-3.0,0.9437527775762214
18,7,Amy Purdy,2.0,5.0,3.0,-3.0,0.8849957429836788
18,7,Meryl Davis,1.0,4.0,3.0,-3.0,0.9210587567694041
18,8,Amy Purdy,1.0,4.0,3.0,-3.0,0.8623473648111945
18,9,Meryl Davis,1.0,4.0,3.0,-3.0,0.8486728505461469
18,10,Meryl Davis,1.0,4.0,3.0,-3.0,0.3785426285258644
19,2,Lea Thompson,1.0,4.0,3.0,-3.0,1.0
19,2,Tommy Chong,8.0,11.0,3.0,-3.0,0.8592054888033642
19,3,Jonathan Bennett,4.0,7.0,3.0,-3.0,0.9285750228168923
19,4,Alfonso Ribeiro,1.0,4.0,3.0,-3.0,1.0
19,5,Sadie Robertson,1.0,4.0,3.0,-3.0,0.9914214750342218
19,8,Janel Parrish,1.0,4.0,3.0,-3.0,0.9543867376684003
19,11,Alfonso Ribeiro,1.0,4.0,3.0,-3.0,0.3027050685607229
20,2,Nastia Liukin,1.0,4.0,3.0,-3.0,1.0
20,5,Rumer Willis,1.0,4.0,3.0,-3.0,1.0
20,6,Chris Soules,5.0,8.0,3.0,-3.0,0.7307115539556661
20,7,Nastia Liukin,1.0,4.0,3.0,-3.0,0.9270809427103548
21,2,Bindi Irwin,2.0,5.0,3.0,-3.0,1.0
21,2,Carlos PenaVega,4.0,7.0,3.0,-3.0,0.9766569535428804
21,5,Alexa PenaVega,1.0,4.0,3.0,-3.0,0.9883458202124902
21,5,Andy Grammer,4.0,7.0,3.0,-3.0,0.8819526432954432
21,6,Tamar Braxton,1.0,4.0,3.0,-3.0,0.9692146820479488
21,7,Hayes Grier,2.0,5.0,3.0,-3.0,0.8772500465959299
21,11,Nick Carter,1.0,4.0,3.0,-3.0,0.31638535860883477
22,2,Marla Maples,5.0,8.0,3.0,-3.0,0.9650128888819476
22,3,Marla Maples,6.0,9.0,3.0,-3.0,0.8933310581437764
22,4,Ginger Zee,1.0,4.0,3.0,-3.0,0.969991408770855
22,7,Ginger Zee,2.0,5.0,3.0,-3.0,0.8850319077683587
22,7,Kim Fields,5.0,8.0,3.0,-3.0,0.7860984064267547
22,8,Ginger Zee,1.0,4.0,3.0,-3.0,0.8783910488794906
22,9,Wanya Morris,1.0,4.0,3.0,-3.0,0.8220610489787782
23,3,Calvin Johnson Jr.,1.0,4.0,3.0,-3.0,0.9890037455946368
23,3,Maureen McCormick,5.0,8.0,3.0,-3.0,0.8732240877253652
23,4,Laurie Hernandez,1.0,4.0,3.0,-3.0,1.0
23,5,Ryan Lochte,6.0,9.0,3.0,-3.0,0.7567913689371425
23,6,Jana Kramer,1.0,4.0,3.0,-3.0,0.9551751929663925
23,7,Terra Jole,3.0,6.0,3.0,-3.0,0.8346636782456935
23,9,Laurie Hernandez,1.0,4.0,3.0,-3.0,0.8547633091609033
23,10,Laurie Hernandez,1.0,4.0,3.0,-3.0,0.8455275403976541
23,11,Laurie Hernandez,1.0,4.0,3.0,-3.0,0.34675918494932234
24,2,Erika Jayne,5.0,8.0,3.0,-3.0,0.928972681141093
24,2,Heather Morris,3.0,6.0,3.0,-3.0,0.9665974994733212
24,3,Heather Morris,2.0,5.0,3.0,-3.0,0.969664300221386
24,4,Simone Biles,2.0,5.0,3.0,-3.0,0.9625426648942341
25,2,Terrell Owens,9.0,12.0,3.0,-3.0,0.8431228019254217
25,3,Terrell Owens,6.0,9.0,3.0,-3.0,0.8517751577389286
25,4,Vanessa Lachey,4.0,7.0,3.0,-3.0,0.9401233360804958
25,6,Vanessa Lachey,4.0,7.0,3.0,-3.0,0.8800959809819074
25,10,Lindsey Stirling,1.0,4.0,3.0,-3.0,0.33456263355883387
26,2,Adam Rippon,1.0,4.0,3.0,-3.0,0.9661945557889206
27,5,Alexis Ren,1.0,4.0,3.0,-3.0,1.0
27,5,Juan Pablo Di Pace,1.0,4.0,3.0,-3.0,1.0
27,7,Evanna Lynch,1.0,4.0,3.0,-3.0,0.9698107924843888
27,8,Juan Pablo Di Pace,1.0,4.0,3.0,-3.0,0.9147231780845241
27,9,Milo Manheim,1.0,4.0,3.0,-3.0,0.3933774359119997
28,2,Kate Flannery,2.0,5.0,3.0,-3.0,1.0
28,4,Kel Mitchell,1.0,4.0,3.0,-3.0,0.9744968516477072
28,6,James Van Der Beek,1.0,4.0,3.0,-3.0,0.9237006041010156
28,6,Lauren Alaina,4.0,7.0,3.0,-3.0,0.8698025924381064
28,7,James Van Der Beek,1.0,4.0,3.0,-3.0,0.925015874718454
28,11,Ally Brooke,1.0,4.0,3.0,-3.0,0.35671127904482125
29,1,Justina Machado,1.0,4.0,3.0,-3.0,1.0
29,1,Skai Jackson,1.0,4.0,3.0,-3.0,1.0
29,2,Chrishell Stause,6.0,9.0,3.0,-3.0,0.9116546198882787
29,3,Monica Aldama,7.0,10.0,3.0,-3.0,0.9033447886153356
29,4,Nelly,10.0,13.0,3.0,-3.0,0.7735485216221325
29,6,Kaitlyn Bristowe,1.0,4.0,3.0,-3.0,0.9969672298569721
29,7,Johnny Weir,2.0,5.0,3.0,-3.0,0.9170617754518876
29,9,Johnny Weir,1.0,4.0,3.0,-3.0,0.9132685929785034
29,9,Skai Jackson,3.0,6.0,3.0,-3.0,0.7253696139722536
29,10,Kaitlyn Bristowe,1.0,4.0,3.0,-3.0,0.8399498009237757
29,11,Justina Machado,1.0,4.0,3.0,-3.0,0.3286483977640924
30,3,Christine Chiu,7.0,10.0,3.0,-3.0,0.8915446085610232
30,5,Melanie C,3.0,6.0,3.0,-3.0,0.9351895417374442
30,7,Cody Rigsby,5.0,8.0,3.0,-3.0,0.7832517049147627
30,7,Melora Hardin,3.0,6.0,3.0,-3.0,0.887606022483894
30,8,Suni Lee,1.0,4.0,3.0,-3.0,0.9249322373541626
30,9,Iman Shumpert,3.0,6.0,3.0,-3.0,0.7004929701676337
30,9,JoJo Siwa,1.0,4.0,3.0,-3.0,0.848179888688706
30,10,Iman Shumpert,1.0,4.0,3.0,-3.0,0.17209690894831997
31,3,Joseph Baena,7.0,10.0,3.0,-3.0,0.8750397375194312
31,4,Jessie James Decker,8.0,11.0,3.0,-3.0,0.8266781330704525
31,5,Jessie James Decker,7.0,10.0,3.0,-3.0,0.8490851701989909
31,6,Daniel Durant,5.0,8.0,3.0,-3.0,0.8727299582553482
31,6,Shangela,3.0,6.0,3.0,-3.0,0.9193526853520411
31,7,Trevor Donovan,1.0,4.0,3.0,-3.0,0.9371652010517875
31,9,Charli D'Amelio,1.0,4.0,3.0,-3.0,0.8728684145937382
31,10,Charli D'Amelio,1.0,4.0,3.0,-3.0,0.31163380889439973
32,1,Charity Lawson,1.0,4.0,3.0,-3.0,1.0
32,2,Harry Jowsey,10.0,13.0,3.0,-3.0,0.7595478652251197
32,5,Barry Williams,4.0,7.0,3.0,-3.0,0.8148979507502454
32,9,Jason Mraz,1.0,4.0,3.0,-3.0,0.8664083372615154
32,11,Xochitl Gomez,1.0,4.0,3.0,-3.0,0.3763190434119741
33,2,Chandler Kinney,1.0,4.0,3.0,-3.0,1.0
33,2,Danny Amendola,5.0,8.0,3.0,-3.0,0.9222256236269253
33,4,Jenn Tran,4.0,7.0,3.0,-3.0,0.8771802050727372
33,5,Chandler Kinney,1.0,4.0,3.0,-3.0,0.9199990951185614
33,6,Dwight Howard ,3.0,6.0,3.0,-3.0,0.880603974417157
34,1,Robert Irwin,1.0,4.0,3.0,-3.0,1.0
34,1,Whitney Leavitt,1.0,4.0,3.0,-3.0,1.0
34,2,Alix Earle,5.0,8.0,3.0,-3.0,0.9499510656613895
34,2,Lauren Jauregui,5.0,8.0,3.0,-3.0,0.9499510656613895
34,4,Hilaria Baldwin,5.0,8.0,3.0,-3.0,0.9313069228124649
34,4,Whitney Leavitt,1.0,4.0,3.0,-3.0,0.992460752215125
34,5,Alix Earle,2.0,5.0,3.0,-3.0,0.9619331742026728
34,5,Dylan Efron,1.0,4.0,3.0,-3.0,0.9778765880958574
34,6,Elaine Hendrix,3.0,6.0,3.0,-3.0,0.9296607413594851
34,9,Whitney Leavitt,1.0,4.0,3.0,-3.0,0.9002028003518195
3,2,Vivica A. Fox,3.0,7.0,4.0,-4.0,0.9236341454819464
3,5,Emmitt Smith,1.0,5.0,4.0,-4.0,0.8691804061821852
4,2,Billy Ray Cyrus,6.0,10.0,4.0,-4.0,0.8767966588215808
4,3,Leeza Gibbons,1.0,5.0,4.0,-4.0,0.973613124590793
5,7,Mel B,1.0,5.0,4.0,-4.0,0.8626393552979548
6,1,Kristi Yamaguchi,1.0,5.0,4.0,-4.0,1.0
6,2,Jason Taylor,1.0,5.0,4.0,-4.0,1.0
6,2,Kristi Yamaguchi,1.0,5.0,4.0,-4.0,1.0
6,3,Steve Guttenberg,6.0,10.0,4.0,-4.0,0.8116985804748895
6,8,Cristian de la Fuente,1.0,5.0,4.0,-4.0,0.823196808953998
7,1,Brooke Burke,1.0,5.0,4.0,-4.0,1.0
7,6,Lance Bass,1.0,5.0,4.0,-4.0,0.9105545840518767
7,7,Maurice Greene,2.0,6.0,4.0,-4.0,0.8059068751688266
8,1,Gilles Marini,1.0,5.0,4.0,-4.0,1.0
8,4,Gilles Marini,1.0,5.0,4.0,-4.0,1.0
9,1,Mya,3.0,7.0,4.0,-4.0,1.0
9,2,Mark Dacascos,4.0,8.0,4.0,-4.0,0.9446300312725991
9,5,Kelly Osbourne,4.0,8.0,4.0,-4.0,0.8979177551162578
9,6,Joanna Krupa,1.0,5.0,4.0,-4.0,1.0
9,7,Joanna Krupa,1.0,5.0,4.0,-4.0,0.8965023699421644
10,2,Nicole Scherzinger,1.0,5.0,4.0,-4.0,1.0
10,7,Nicole Scherzinger,1.0,5.0,4.0,-4.0,0.8244348699970095
11,1,Jennifer Grey,1.0,5.0,4.0,-4.0,1.0
11,5,Kurt Warner,3.0,7.0,4.0,-4.0,0.8402543935119289
13,2,Elisabetta Canalis,4.0,8.0,4.0,-4.0,0.9137665413492657
14,3,Melissa Gilbert,7.0,11.0,4.0,-4.0,0.7944740225540112
14,6,Katherine Jenkins,1.0,5.0,4.0,-4.0,1.0
14,8,William Levy,1.0,5.0,4.0,-4.0,0.8143858559591968
15,3,Helio Castroneves,4.0,8.0,4.0,-4.0,0.9250244120726795
15,5,Apolo Anton Ohno,2.0,6.0,4.0,-4.0,0.8910225219984159
15,8,Apolo Anton Ohno,2.0,6.0,4.0,-4.0,0.8227806593755942
16,4,D. L. Hughley,6.0,10.0,4.0,-4.0,0.7586899859116252
17,2,Jack Osbourne,4.0,8.0,4.0,-4.0,0.9690952855213018
17,5,Jack Osbourne,3.0,7.0,4.0,-4.0,0.8901564446498692
17,7,Jack Osbourne,3.0,7.0,4.0,-4.0,0.8311342302852335
18,7,Candace Cameron Bure,3.0,7.0,4.0,-4.0,0.6914815109684489
18,8,Charlie White,1.0,5.0,4.0,-4.0,0.8443324453692524
19,9,Alfonso Ribeiro,1.0,5.0,4.0,-4.0,0.8884622713546908
20,2,Michael Sam,6.0,10.0,4.0,-4.0,0.9187786367774871
21,4,Bindi Irwin,1.0,5.0,4.0,-4.0,1.0
21,6,Andy Grammer,1.0,5.0,4.0,-4.0,0.9658499997083669
21,7,Andy Grammer,2.0,6.0,4.0,-4.0,0.8728698139384063
21,9,Alexa PenaVega,1.0,5.0,4.0,-4.0,0.8195681181520296
22,2,Doug Flutie,5.0,9.0,4.0,-4.0,0.9531227251923463
22,2,Paige VanZant,1.0,5.0,4.0,-4.0,1.0
22,2,Wanya Morris,1.0,5.0,4.0,-4.0,1.0
22,6,Antonio Brown,3.0,7.0,4.0,-4.0,0.8732556657667511
23,2,Laurie Hernandez,1.0,5.0,4.0,-4.0,1.0
23,4,Amber Rose,4.0,8.0,4.0,-4.0,0.9146700873421422
23,10,Terra Jole,1.0,5.0,4.0,-4.0,0.7508695102642491
24,4,Bonner Bolton,5.0,9.0,4.0,-4.0,0.8458894903940525
24,6,Heather Morris,1.0,5.0,4.0,-4.0,0.9268062260120273
25,3,Derek Fisher,6.0,10.0,4.0,-4.0,0.8485588096047582
25,4,Terrell Owens,4.0,8.0,4.0,-4.0,0.9266057886940595
28,6,Sailor Brinkley-Cook,1.0,5.0,4.0,-4.0,0.9206080885644243
29,2,Anne Heche,6.0,10.0,4.0,-4.0,0.9099458706881371
29,2,Jeannie Mai,6.0,10.0,4.0,-4.0,0.9099458706881371
29,2,Johnny Weir,6.0,10.0,4.0,-4.0,0.9099458706881371
29,4,AJ McLean,3.0,7.0,4.0,-4.0,0.9582217111655184
29,4,Skai Jackson,1.0,5.0,4.0,-4.0,0.9886824776373497
29,5,Skai Jackson,5.0,9.0,4.0,-4.0,0.8826239731633517
29,6,Monica Aldama,1.0,5.0,4.0,-4.0,0.9771814685985343
29,8,Johnny Weir,1.0,5.0,4.0,-4.0,0.9103807325956585
29,9,Kaitlyn Bristowe,1.0,5.0,4.0,-4.0,0.8738571232780759
30,2,JoJo Siwa,2.0,6.0,4.0,-4.0,1.0
30,8,Melora Hardin,1.0,5.0,4.0,-4.0,0.9063671631142454
31,1,Wayne Brady,2.0,6.0,4.0,-4.0,1.0
31,2,Charli D'Amelio,1.0,5.0,4.0,-4.0,1.0
31,2,Gabby Windey,1.0,5.0,4.0,-4.0,1.0
31,2,Wayne Brady,1.0,5.0,4.0,-4.0,1.0
31,5,Charli D'Amelio,1.0,5.0,4.0,-4.0,1.0
31,7,Daniel Durant,4.0,8.0,4.0,-4.0,0.8687045622418854
32,7,Ariana Madix,1.0,5.0,4.0,-4.0,0.8984104174719186
32,11,Jason Mraz,1.0,5.0,4.0,-4.0,0.2736291000170643
33,4,Phaedra Parks,4.0,8.0,4.0,-4.0,0.8618966807937685
33,9,Chandler Kinney,1.0,5.0,4.0,-4.0,0.4031960324716908
34,3,Whitney Leavitt,1.0,5.0,4.0,-4.0,0.9752206856652867
34,4,Elaine Hendrix,2.0,6.0,4.0,-4.0,0.9672334286111879
34,7,Alix Earle,1.0,5.0,4.0,-4.0,1.0
34,9,Robert Irwin,1.0,5.0,4.0,-4.0,0.8891284411867788
34,10,Robert Irwin,1.0,5.0,4.0,-4.0,0.8650994550878417
34,11,Alix Earle,1.0,5.0,4.0,-4.0,0.3277525323593904
5,4,Cameron Mathison,2.0,7.0,5.0,-5.0,0.946803109824689
9,2,Natalie Coughlin,4.0,9.0,5.0,-5.0,0.9428338939852119
12,7,Ralph Macchio,1.0,6.0,5.0,-5.0,0.798750937089062
14,1,Jaleel White,1.0,6.0,5.0,-5.0,1.0
14,1,Katherine Jenkins,1.0,6.0,5.0,-5.0,1.0
14,2,Katherine Jenkins,1.0,6.0,5.0,-5.0,1.0
14,2,Roshon Fegan,1.0,6.0,5.0,-5.0,1.0
15,3,Kelly Monaco,1.0,6.0,5.0,-5.0,0.9609042680649483
15,6,Apolo Anton Ohno,1.0,6.0,5.0,-5.0,0.894446602161057
16,1,Zendaya,1.0,6.0,5.0,-5.0,1.0
17,3,Brant Daugherty,1.0,6.0,5.0,-5.0,1.0
17,8,Jack Osbourne,1.0,6.0,5.0,-5.0,0.8294687221247462
18,1,Charlie White,1.0,6.0,5.0,-5.0,1.0
19,1,Sadie Robertson,2.0,7.0,5.0,-5.0,1.0
21,2,Tamar Braxton,1.0,6.0,5.0,-5.0,1.0
22,8,Jodie Sweetin,1.0,6.0,5.0,-5.0,0.8190993737836325
23,5,Marilu Henner,2.0,7.0,5.0,-5.0,0.8964184082775855
24,1,Simone Biles,1.0,6.0,5.0,-5.0,1.0
25,3,Nick Lachey,6.0,11.0,5.0,-5.0,0.8417396163383231
25,4,Sasha Pieterse,4.0,9.0,5.0,-5.0,0.9084029812688061
27,3,Juan Pablo Di Pace,1.0,6.0,5.0,-5.0,1.0
27,4,Milo Manheim,1.0,6.0,5.0,-5.0,1.0
28,2,Hannah Brown,1.0,6.0,5.0,-5.0,1.0
28,6,Kate Flannery,1.0,6.0,5.0,-5.0,0.9158742708827836
28,7,Lauren Alaina,1.0,6.0,5.0,-5.0,0.872076476224539
29,3,Johnny Weir,1.0,6.0,5.0,-5.0,1.0
29,3,Nev Schulman,1.0,6.0,5.0,-5.0,1.0
30,5,Kenya Moore,3.0,8.0,5.0,-5.0,0.8854323617803124
30,6,Cody Rigsby,5.0,10.0,5.0,-5.0,0.7719034448492516
32,5,Mauricio Umansky,4.0,9.0,5.0,-5.0,0.7696399568153844
34,3,Scott Hoying,5.0,10.0,5.0,-5.0,0.8905682581611019
34,4,Alix Earle,2.0,7.0,5.0,-5.0,0.956197403551996
34,6,Danielle Fishel,3.0,8.0,5.0,-5.0,0.8271458923938261
34,8,Whitney Leavitt,1.0,6.0,5.0,-5.0,0.9076646722520461
9,1,Aaron Carter,2.0,8.0,6.0,-6.0,1.0
17,1,Amber Riley,1.0,7.0,6.0,-6.0,1.0
17,2,Corbin Bleu,1.0,7.0,6.0,-6.0,1.0
21,1,Bindi Irwin,1.0,7.0,6.0,-6.0,1.0
21,1,Nick Carter,1.0,7.0,6.0,-6.0,1.0
25,7,Drew Scott,2.0,8.0,6.0,-6.0,0.8541088770207093
28,4,Lauren Alaina,1.0,7.0,6.0,-6.0,0.9547828021656832
29,4,Monica Aldama,3.0,9.0,6.0,-6.0,0.9283552342355222
29,5,Nelly,5.0,11.0,6.0,-6.0,0.8404572748496077
30,2,Amanda Kloots,1.0,7.0,6.0,-6.0,1.0
31,1,Charli D'Amelio,1.0,7.0,6.0,-6.0,1.0
19,1,Alfonso Ribeiro,1.0,8.0,7.0,-7.0,1.0
29,2,Nelly,6.0,13.0,7.0,-7.0,0.9093212269193016
29,7,Nelly,2.0,9.0,7.0,-7.0,0.8493350054146729
30,1,JoJo Siwa,1.0,8.0,7.0,-7.0,1.0
30,6,Iman Shumpert,1.0,8.0,7.0,-7.0,0.8546264261063121
29,7,Skai Jackson,2.0,10.0,8.0,-8.0,0.8322802147424243
9,1,Joanna Krupa,1.0,11.0,10.0,-10.0,1.0
