season,week,k,n_contestants,jac_fan_vs_percentage,jac_fan_vs_ranking
1,1,1,6,1.0,1.0
1,1,2,6,1.0,1.0
1,1,3,6,1.0,1.0
1,1,4,6,1.0,1.0
1,1,5,6,0.6666666666666666,1.0
1,2,1,6,0.0,1.0
1,2,2,6,1.0,1.0
1,2,3,6,0.5,1.0
1,2,4,6,0.6,1.0
1,2,5,6,1.0,1.0
1,3,1,5,1.0,1.0
1,3,2,5,0.3333333333333333,1.0
1,3,3,5,1.0,1.0
1,3,4,5,0.6,1.0
1,3,5,5,1.0,1.0
1,4,1,4,0.0,1.0
1,4,2,4,1.0,1.0
1,4,3,4,1.0,0.5
1,4,4,4,1.0,1.0
1,5,1,3,0.0,0.0
1,5,2,3,1.0,1.0
1,5,3,3,1.0,1.0
1,6,1,2,1.0,1.0
1,6,2,2,1.0,1.0
2,1,1,10,0.0,0.0
2,1,2,10,0.3333333333333333,0.3333333333333333
2,1,3,10,0.2,0.5
2,1,4,10,0.3333333333333333,1.0
2,1,5,10,0.6666666666666666,0.6666666666666666
2,2,1,9,0.0,1.0
2,2,2,9,0.0,1.0
2,2,3,9,0.0,1.0
2,2,4,9,0.3333333333333333,1.0
2,2,5,9,0.42857142857142855,1.0
2,3,1,8,0.0,0.0
2,3,2,8,0.3333333333333333,0.3333333333333333
2,3,3,8,0.5,1.0
2,3,4,8,1.0,1.0
2,3,5,8,0.6666666666666666,1.0
2,4,1,7,1.0,0.0
2,4,2,7,1.0,0.3333333333333333
2,4,3,7,1.0,0.5
2,4,4,7,1.0,1.0
2,4,5,7,1.0,1.0
2,5,1,6,1.0,1.0
2,5,2,6,1.0,0.3333333333333333
2,5,3,6,1.0,1.0
2,5,4,6,1.0,0.6
2,5,5,6,0.6666666666666666,0.6666666666666666
2,6,1,5,1.0,1.0
2,6,2,5,1.0,1.0
2,6,3,5,1.0,1.0
2,6,4,5,1.0,1.0
2,6,5,5,1.0,1.0
2,7,1,4,1.0,1.0
2,7,2,4,0.3333333333333333,0.3333333333333333
2,7,3,4,1.0,1.0
2,7,4,4,1.0,1.0
2,8,1,3,1.0,1.0
2,8,2,3,0.3333333333333333,0.3333333333333333
2,8,3,3,1.0,1.0
3,1,1,11,0.0,1.0
3,1,2,11,0.0,1.0
3,1,3,11,0.2,1.0
3,1,4,11,0.3333333333333333,1.0
3,1,5,11,0.25,1.0
3,2,1,10,1.0,0.0
3,2,2,10,0.3333333333333333,0.3333333333333333
3,2,3,10,0.2,0.5
3,2,4,10,0.6,0.6
3,2,5,10,0.6666666666666666,1.0
3,3,1,9,0.0,1.0
3,3,2,9,0.3333333333333333,0.3333333333333333
3,3,3,9,0.5,1.0
3,3,4,9,0.6,1.0
3,3,5,9,0.42857142857142855,1.0
3,4,1,8,1.0,0.0
3,4,2,8,0.3333333333333333,1.0
3,4,3,8,0.5,1.0
3,4,4,8,0.6,1.0
3,4,5,8,1.0,1.0
3,5,1,7,0.0,0.0
3,5,2,7,0.3333333333333333,0.3333333333333333
3,5,3,7,0.5,0.5
3,5,4,7,1.0,0.6
3,5,5,7,1.0,1.0
3,6,1,5,1.0,1.0
3,6,2,5,0.3333333333333333,0.3333333333333333
3,6,3,5,1.0,0.5
3,6,4,5,1.0,1.0
3,6,5,5,1.0,1.0
3,7,1,5,0.0,0.0
3,7,2,5,1.0,1.0
3,7,3,5,0.5,0.5
3,7,4,5,1.0,1.0
3,7,5,5,1.0,1.0
3,8,1,4,0.0,1.0
3,8,2,4,1.0,1.0
3,8,3,4,1.0,1.0
3,8,4,4,1.0,1.0
3,9,1,3,1.0,1.0
3,9,2,3,1.0,1.0
3,9,3,3,1.0,1.0
3,10,1,2,1.0,1.0
3,10,2,2,1.0,1.0
4,1,1,11,0.0,0.0
4,1,2,11,0.0,1.0
4,1,3,11,0.2,1.0
4,1,4,11,0.3333333333333333,1.0
4,1,5,11,0.42857142857142855,1.0
4,2,1,11,1.0,1.0
4,2,2,11,1.0,1.0
4,2,3,11,0.5,1.0
4,2,4,11,0.6,1.0
4,2,5,11,0.6666666666666666,1.0
4,3,1,10,1.0,1.0
4,3,2,10,1.0,1.0
4,3,3,10,0.5,0.5
4,3,4,10,0.6,0.6
4,3,5,10,1.0,1.0
4,4,1,9,0.0,1.0
4,4,2,9,0.3333333333333333,0.3333333333333333
4,4,3,9,1.0,0.5
4,4,4,9,0.6,1.0
4,4,5,9,1.0,1.0
4,5,1,8,0.0,1.0
4,5,2,8,1.0,0.3333333333333333
4,5,3,8,0.5,1.0
4,5,4,8,0.6,1.0
4,5,5,8,1.0,1.0
4,6,1,7,1.0,1.0
4,6,2,7,1.0,1.0
4,6,3,7,1.0,0.5
4,6,4,7,1.0,1.0
4,6,5,7,1.0,1.0
4,7,1,6,1.0,1.0
4,7,2,6,1.0,1.0
4,7,3,6,0.5,0.5
4,7,4,6,1.0,1.0
4,7,5,6,1.0,1.0
4,8,1,5,1.0,1.0
4,8,2,5,1.0,0.3333333333333333
4,8,3,5,1.0,1.0
4,8,4,5,1.0,1.0
4,8,5,5,1.0,1.0
4,9,1,4,1.0,1.0
4,9,2,4,0.3333333333333333,0.3333333333333333
4,9,3,4,0.5,0.5
4,9,4,4,1.0,1.0
4,10,1,3,0.0,0.0
4,10,2,3,0.3333333333333333,0.3333333333333333
4,10,3,3,1.0,1.0
5,1,1,12,0.0,1.0
5,1,2,12,0.0,1.0
5,1,3,12,0.0,1.0
5,1,4,12,0.0,1.0
5,1,5,12,0.1111111111111111,1.0
5,2,1,11,0.0,1.0
5,2,2,11,0.3333333333333333,0.3333333333333333
5,2,3,11,0.5,0.5
5,2,4,11,0.3333333333333333,1.0
5,2,5,11,0.42857142857142855,1.0
5,3,1,10,0.0,0.0
5,3,2,10,1.0,0.3333333333333333
5,3,3,10,0.5,0.2
5,3,4,10,0.6,0.3333333333333333
5,3,5,10,0.6666666666666666,0.6666666666666666
5,4,1,9,0.0,1.0
5,4,2,9,0.3333333333333333,1.0
5,4,3,9,0.5,0.5
5,4,4,9,0.6,1.0
5,4,5,9,1.0,0.6666666666666666
5,5,1,8,1.0,1.0
5,5,2,8,1.0,1.0
5,5,3,8,1.0,1.0
5,5,4,8,0.6,0.6
5,5,5,8,0.6666666666666666,1.0
5,6,1,7,0.0,1.0
5,6,2,7,0.3333333333333333,1.0
5,6,3,7,0.5,1.0
5,6,4,7,1.0,1.0
5,6,5,7,1.0,1.0
5,7,1,6,0.0,1.0
5,7,2,6,0.3333333333333333,1.0
5,7,3,6,0.5,0.5
5,7,4,6,0.6,0.6
5,7,5,6,1.0,1.0
5,8,1,5,1.0,1.0
5,8,2,5,0.3333333333333333,0.3333333333333333
5,8,3,5,1.0,1.0
5,8,4,5,1.0,1.0
5,8,5,5,1.0,1.0
5,9,1,4,0.0,0.0
5,9,2,4,0.3333333333333333,0.3333333333333333
5,9,3,4,1.0,1.0
5,9,4,4,1.0,1.0
5,10,1,3,0.0,1.0
5,10,2,3,0.3333333333333333,0.3333333333333333
5,10,3,3,1.0,1.0
6,1,1,12,1.0,1.0
6,1,2,12,1.0,0.3333333333333333
6,1,3,12,0.5,1.0
6,1,4,12,0.3333333333333333,1.0
6,1,5,12,0.25,1.0
6,2,1,12,1.0,0.0
6,2,2,12,0.3333333333333333,0.0
6,2,3,12,0.2,0.2
6,2,4,12,0.3333333333333333,0.3333333333333333
6,2,5,12,0.42857142857142855,0.6666666666666666
6,3,1,10,0.0,0.0
6,3,2,10,0.0,1.0
6,3,3,10,0.5,0.5
6,3,4,10,0.6,1.0
6,3,5,10,0.6666666666666666,1.0
6,4,1,9,0.0,0.0
6,4,2,9,0.0,0.3333333333333333
6,4,3,9,0.2,1.0
6,4,4,9,0.6,1.0
6,4,5,9,1.0,1.0
6,5,1,8,1.0,1.0
6,5,2,8,0.3333333333333333,1.0
6,5,3,8,1.0,0.5
6,5,4,8,0.6,1.0
6,5,5,8,1.0,1.0
6,6,1,7,0.0,1.0
6,6,2,7,1.0,1.0
6,6,3,7,1.0,0.5
6,6,4,7,1.0,1.0
6,6,5,7,0.6666666666666666,1.0
6,7,1,6,0.0,0.0
6,7,2,6,1.0,1.0
6,7,3,6,1.0,1.0
6,7,4,6,1.0,0.6
6,7,5,6,1.0,1.0
6,8,1,5,0.0,1.0
6,8,2,5,0.3333333333333333,0.3333333333333333
6,8,3,5,1.0,1.0
6,8,4,5,0.6,0.6
6,8,5,5,1.0,1.0
6,9,1,4,0.0,0.0
6,9,2,4,1.0,1.0
6,9,3,4,1.0,1.0
6,9,4,4,1.0,1.0
6,10,1,3,0.0,1.0
6,10,2,3,0.3333333333333333,1.0
6,10,3,3,1.0,1.0
7,1,1,13,1.0,0.0
7,1,2,13,1.0,0.3333333333333333
7,1,3,13,1.0,0.5
7,1,4,13,0.6,0.6
7,1,5,13,0.42857142857142855,1.0
7,2,1,11,1.0,0.0
7,2,2,11,0.3333333333333333,0.3333333333333333
7,2,3,11,0.2,1.0
7,2,4,11,0.6,0.6
7,2,5,11,1.0,0.6666666666666666
7,3,1,9,0.0,0.0
7,3,2,9,0.3333333333333333,1.0
7,3,3,9,0.5,1.0
7,3,4,9,0.6,1.0
7,3,5,9,0.6666666666666666,1.0
7,4,1,9,1.0,1.0
7,4,2,9,1.0,1.0
7,4,3,9,0.5,1.0
7,4,4,9,1.0,1.0
7,4,5,9,1.0,0.6666666666666666
7,5,1,8,1.0,1.0
7,5,2,8,1.0,0.3333333333333333
7,5,3,8,1.0,1.0
7,5,4,8,1.0,0.6
7,5,5,8,1.0,0.6666666666666666
7,6,1,7,1.0,1.0
7,6,2,7,1.0,1.0
7,6,3,7,1.0,0.5
7,6,4,7,1.0,0.6
7,6,5,7,1.0,1.0
7,7,1,6,0.0,1.0
7,7,2,6,0.3333333333333333,0.3333333333333333
7,7,3,6,0.5,0.5
7,7,4,6,1.0,1.0
7,7,5,6,1.0,0.6666666666666666
7,8,1,5,0.0,0.0
7,8,2,5,1.0,1.0
7,8,3,5,1.0,1.0
7,8,4,5,1.0,1.0
7,8,5,5,1.0,1.0
7,9,1,4,1.0,1.0
7,9,2,4,1.0,1.0
7,9,3,4,1.0,1.0
7,9,4,4,1.0,1.0
7,10,1,3,0.0,1.0
7,10,2,3,0.3333333333333333,0.3333333333333333
7,10,3,3,1.0,1.0
8,1,1,13,0.0,1.0
8,1,2,13,0.0,1.0
8,1,3,13,0.2,0.5
8,1,4,13,0.3333333333333333,0.6
8,1,5,13,0.25,1.0
8,2,1,13,0.0,0.0
8,2,2,13,0.0,0.3333333333333333
8,2,3,13,0.0,0.5
8,2,4,13,0.0,1.0
8,2,5,13,0.25,1.0
8,3,1,12,0.0,0.0
8,3,2,12,0.3333333333333333,0.3333333333333333
8,3,3,12,0.5,0.2
8,3,4,12,0.3333333333333333,0.3333333333333333
8,3,5,12,0.25,0.6666666666666666
8,4,1,11,1.0,1.0
8,4,2,11,1.0,1.0
8,4,3,11,0.5,0.5
8,4,4,11,0.3333333333333333,0.6
8,4,5,11,0.42857142857142855,1.0
8,5,1,9,0.0,1.0
8,5,2,9,0.0,0.3333333333333333
8,5,3,9,0.5,0.5
8,5,4,9,1.0,1.0
8,5,5,9,1.0,1.0
8,6,1,8,1.0,1.0
8,6,2,8,1.0,1.0
8,6,3,8,1.0,1.0
8,6,4,8,1.0,1.0
8,6,5,8,1.0,1.0
8,7,1,7,0.0,0.0
8,7,2,7,0.3333333333333333,0.3333333333333333
8,7,3,7,1.0,1.0
8,7,4,7,1.0,1.0
8,7,5,7,1.0,1.0
8,8,1,6,0.0,0.0
8,8,2,6,0.3333333333333333,1.0
8,8,3,6,0.5,0.5
8,8,4,6,1.0,1.0
8,8,5,6,1.0,0.6666666666666666
8,9,1,5,1.0,1.0
8,9,2,5,1.0,1.0
8,9,3,5,0.5,0.5
8,9,4,5,1.0,1.0
8,9,5,5,1.0,1.0
8,10,1,4,0.0,1.0
8,10,2,4,0.3333333333333333,0.3333333333333333
8,10,3,4,1.0,1.0
8,10,4,4,1.0,1.0
8,11,1,3,0.0,0.0
8,11,2,3,0.3333333333333333,1.0
8,11,3,3,1.0,1.0
9,1,1,16,0.0,0.0
9,1,2,16,0.0,0.3333333333333333
9,1,3,16,0.2,0.5
9,1,4,16,0.14285714285714285,0.3333333333333333
9,1,5,16,0.1111111111111111,0.42857142857142855
9,2,1,14,0.0,0.0
9,2,2,14,0.3333333333333333,0.3333333333333333
9,2,3,14,0.2,0.5
9,2,4,14,0.14285714285714285,1.0
9,2,5,14,0.25,1.0
9,3,1,13,0.0,1.0
9,3,2,13,0.3333333333333333,0.3333333333333333
9,3,3,13,0.5,0.5
9,3,4,13,0.3333333333333333,1.0
9,3,5,13,0.42857142857142855,0.6666666666666666
9,4,1,11,0.0,0.0
9,4,2,11,0.3333333333333333,0.3333333333333333
9,4,3,11,0.2,1.0
9,4,4,11,0.3333333333333333,1.0
9,4,5,11,0.42857142857142855,0.6666666666666666
9,5,1,10,1.0,1.0
9,5,2,10,0.3333333333333333,0.3333333333333333
9,5,3,10,1.0,0.5
9,5,4,10,1.0,0.6
9,5,5,10,1.0,1.0
9,6,1,9,1.0,0.0
9,6,2,9,1.0,1.0
9,6,3,9,0.5,0.5
9,6,4,9,1.0,0.6
9,6,5,9,0.6666666666666666,1.0
9,7,1,7,0.0,0.0
9,7,2,7,0.0,0.3333333333333333
9,7,3,7,0.2,0.2
9,7,4,7,0.6,0.6
9,7,5,7,1.0,1.0
9,8,1,5,1.0,0.0
9,8,2,5,0.3333333333333333,1.0
9,8,3,5,0.5,1.0
9,8,4,5,0.6,0.6
9,8,5,5,1.0,1.0
9,9,1,4,1.0,1.0
9,9,2,4,0.3333333333333333,0.3333333333333333
9,9,3,4,1.0,1.0
9,9,4,4,1.0,1.0
9,10,1,3,0.0,0.0
9,10,2,3,1.0,0.3333333333333333
9,10,3,3,1.0,1.0
10,1,1,11,0.0,0.0
10,1,2,11,0.3333333333333333,0.3333333333333333
10,1,3,11,0.2,1.0
10,1,4,11,0.3333333333333333,1.0
10,1,5,11,0.42857142857142855,1.0
10,2,1,11,1.0,0.0
10,2,2,11,0.3333333333333333,0.3333333333333333
10,2,3,11,0.5,1.0
10,2,4,11,1.0,0.6
10,2,5,11,0.6666666666666666,1.0
10,3,1,10,1.0,1.0
10,3,2,10,1.0,1.0
10,3,3,10,0.5,1.0
10,3,4,10,0.6,1.0
10,3,5,10,0.6666666666666666,1.0
10,4,1,9,1.0,1.0
10,4,2,9,0.3333333333333333,1.0
10,4,3,9,1.0,1.0
10,4,4,9,0.6,1.0
10,4,5,9,0.6666666666666666,1.0
10,5,1,8,0.0,1.0
10,5,2,8,1.0,1.0
10,5,3,8,0.5,1.0
10,5,4,8,0.6,0.6
10,5,5,8,1.0,1.0
10,6,1,7,0.0,1.0
10,6,2,7,0.0,1.0
10,6,3,7,0.5,1.0
10,6,4,7,1.0,0.6
10,6,5,7,1.0,1.0
10,7,1,6,0.0,0.0
10,7,2,6,0.3333333333333333,1.0
10,7,3,6,0.5,0.5
10,7,4,6,0.6,0.6
10,7,5,6,1.0,1.0
10,8,1,5,1.0,1.0
10,8,2,5,1.0,1.0
10,8,3,5,1.0,1.0
10,8,4,5,1.0,1.0
10,8,5,5,1.0,1.0
10,9,1,4,0.0,0.0
10,9,2,4,0.3333333333333333,1.0
10,9,3,4,1.0,1.0
10,9,4,4,1.0,1.0
10,10,1,3,0.0,0.0
10,10,2,3,0.3333333333333333,1.0
10,10,3,3,1.0,1.0
11,1,1,12,0.0,0.0
11,1,2,12,0.0,0.3333333333333333
11,1,3,12,0.2,1.0
11,1,4,12,0.3333333333333333,0.6
11,1,5,12,0.25,1.0
11,2,1,11,1.0,1.0
11,2,2,11,1.0,1.0
11,2,3,11,0.5,1.0
11,2,4,11,0.6,1.0
11,2,5,11,1.0,1.0
11,3,1,10,1.0,0.0
11,3,2,10,0.3333333333333333,0.3333333333333333
11,3,3,10,1.0,0.5
11,3,4,10,1.0,1.0
11,3,5,10,1.0,1.0
11,4,1,9,1.0,0.0
11,4,2,9,0.3333333333333333,1.0
11,4,3,9,0.5,1.0
11,4,4,9,0.6,0.6
11,4,5,9,0.6666666666666666,1.0
11,5,1,8,1.0,0.0
11,5,2,8,1.0,0.3333333333333333
11,5,3,8,1.0,1.0
11,5,4,8,1.0,1.0
11,5,5,8,1.0,0.6666666666666666
11,6,1,7,1.0,0.0
11,6,2,7,1.0,0.3333333333333333
11,6,3,7,0.5,1.0
11,6,4,7,1.0,1.0
11,6,5,7,1.0,1.0
11,7,1,6,0.0,0.0
11,7,2,6,0.3333333333333333,0.3333333333333333
11,7,3,6,1.0,1.0
11,7,4,6,0.6,0.6
11,7,5,6,1.0,1.0
11,8,1,5,1.0,1.0
11,8,2,5,1.0,1.0
11,8,3,5,1.0,1.0
11,8,4,5,1.0,1.0
11,8,5,5,1.0,1.0
11,9,1,4,0.0,0.0
11,9,2,4,1.0,1.0
11,9,3,4,1.0,1.0
11,9,4,4,1.0,1.0
11,10,1,3,0.0,1.0
11,10,2,3,0.3333333333333333,0.3333333333333333
11,10,3,3,1.0,1.0
12,1,1,11,0.0,1.0
12,1,2,11,0.0,1.0
12,1,3,11,0.2,1.0
12,1,4,11,0.3333333333333333,1.0
12,1,5,11,0.42857142857142855,1.0
12,2,1,11,0.0,1.0
12,2,2,11,0.3333333333333333,1.0
12,2,3,11,0.5,1.0
12,2,4,11,1.0,1.0
12,2,5,11,1.0,1.0
12,3,1,10,1.0,1.0
12,3,2,10,1.0,1.0
12,3,3,10,1.0,1.0
12,3,4,10,1.0,1.0
12,3,5,10,0.6666666666666666,0.6666666666666666
12,4,1,9,1.0,0.0
12,4,2,9,1.0,1.0
12,4,3,9,1.0,1.0
12,4,4,9,1.0,1.0
12,4,5,9,1.0,1.0
12,5,1,8,1.0,1.0
12,5,2,8,0.3333333333333333,1.0
12,5,3,8,0.5,1.0
12,5,4,8,1.0,0.6
12,5,5,8,0.6666666666666666,1.0
12,6,1,7,1.0,1.0
12,6,2,7,1.0,1.0
12,6,3,7,1.0,1.0
12,6,4,7,1.0,0.6
12,6,5,7,1.0,1.0
12,7,1,6,0.0,1.0
12,7,2,6,0.3333333333333333,0.3333333333333333
12,7,3,6,0.5,0.5
12,7,4,6,0.6,0.6
12,7,5,6,0.6666666666666666,0.6666666666666666
12,8,1,5,0.0,0.0
12,8,2,5,1.0,1.0
12,8,3,5,0.5,1.0
12,8,4,5,0.6,0.6
12,8,5,5,1.0,1.0
12,9,1,4,1.0,1.0
12,9,2,4,1.0,1.0
12,9,3,4,1.0,1.0
12,9,4,4,1.0,1.0
12,10,1,3,0.0,0.0
12,10,2,3,0.3333333333333333,0.3333333333333333
12,10,3,3,1.0,1.0
13,1,1,12,0.0,1.0
13,1,2,12,0.3333333333333333,1.0
13,1,3,12,1.0,0.5
13,1,4,12,0.6,1.0
13,1,5,12,1.0,1.0
13,2,1,11,0.0,1.0
13,2,2,11,0.3333333333333333,1.0
13,2,3,11,1.0,0.5
13,2,4,11,1.0,1.0
13,2,5,11,0.6666666666666666,1.0
13,3,1,10,1.0,1.0
13,3,2,10,1.0,1.0
13,3,3,10,0.5,1.0
13,3,4,10,1.0,1.0
13,3,5,10,1.0,1.0
13,4,1,9,0.0,1.0
13,4,2,9,0.3333333333333333,1.0
13,4,3,9,1.0,1.0
13,4,4,9,1.0,1.0
13,4,5,9,1.0,1.0
13,5,1,8,1.0,0.0
13,5,2,8,1.0,1.0
13,5,3,8,1.0,0.5
13,5,4,8,1.0,0.6
13,5,5,8,1.0,1.0
13,6,1,7,1.0,1.0
13,6,2,7,1.0,1.0
13,6,3,7,1.0,0.5
13,6,4,7,1.0,1.0
13,6,5,7,1.0,1.0
13,7,1,6,0.0,0.0
13,7,2,6,0.3333333333333333,0.3333333333333333
13,7,3,6,1.0,1.0
13,7,4,6,0.6,0.6
13,7,5,6,0.6666666666666666,0.6666666666666666
13,8,1,5,1.0,1.0
13,8,2,5,0.3333333333333333,0.3333333333333333
13,8,3,5,1.0,0.5
13,8,4,5,1.0,1.0
13,8,5,5,1.0,1.0
13,9,1,4,1.0,1.0
13,9,2,4,0.3333333333333333,1.0
13,9,3,4,1.0,1.0
13,9,4,4,1.0,1.0
13,10,1,3,0.0,0.0
13,10,2,3,0.3333333333333333,1.0
13,10,3,3,1.0,1.0
14,1,1,12,1.0,1.0
14,1,2,12,1.0,1.0
14,1,3,12,1.0,1.0
14,1,4,12,1.0,1.0
14,1,5,12,1.0,0.6666666666666666
14,2,1,12,1.0,0.0
14,2,2,12,1.0,0.0
14,2,3,12,0.5,0.2
14,2,4,12,0.6,0.3333333333333333
14,2,5,12,1.0,0.42857142857142855
14,3,1,11,1.0,0.0
14,3,2,11,0.3333333333333333,0.3333333333333333
14,3,3,11,0.5,1.0
14,3,4,11,0.6,0.6
14,3,5,11,0.6666666666666666,1.0
14,4,1,10,1.0,1.0
14,4,2,10,1.0,1.0
14,4,3,10,1.0,1.0
14,4,4,10,1.0,0.6
14,4,5,10,0.6666666666666666,1.0
14,5,1,9,1.0,1.0
14,5,2,9,1.0,0.3333333333333333
14,5,3,9,0.5,0.5
14,5,4,9,0.6,1.0
14,5,5,9,1.0,1.0
14,6,1,8,1.0,0.0
14,6,2,8,1.0,0.3333333333333333
14,6,3,8,1.0,0.2
14,6,4,8,0.6,0.6
14,6,5,8,0.6666666666666666,1.0
14,7,1,7,1.0,1.0
14,7,2,7,0.3333333333333333,0.3333333333333333
14,7,3,7,0.5,0.5
14,7,4,7,0.6,1.0
14,7,5,7,1.0,1.0
14,8,1,6,0.0,0.0
14,8,2,6,1.0,0.3333333333333333
14,8,3,6,1.0,1.0
14,8,4,6,0.6,1.0
14,8,5,6,1.0,1.0
14,9,1,4,1.0,1.0
14,9,2,4,0.3333333333333333,0.3333333333333333
14,9,3,4,0.5,0.5
14,9,4,4,1.0,1.0
14,10,1,3,1.0,1.0
14,10,2,3,1.0,0.3333333333333333
14,10,3,3,1.0,1.0
15,1,1,13,1.0,0.0
15,1,2,13,0.3333333333333333,0.3333333333333333
15,1,3,13,0.2,1.0
15,1,4,13,0.6,1.0
15,1,5,13,1.0,1.0
15,2,1,12,1.0,0.0
15,2,2,12,0.3333333333333333,0.3333333333333333
15,2,3,12,0.5,1.0
15,2,4,12,1.0,0.6
15,2,5,12,1.0,1.0
15,3,1,11,1.0,1.0
15,3,2,11,0.3333333333333333,0.3333333333333333
15,3,3,11,0.5,0.5
15,3,4,11,0.6,0.6
15,3,5,11,1.0,0.6666666666666666
15,4,1,9,1.0,0.0
15,4,2,9,0.3333333333333333,0.3333333333333333
15,4,3,9,0.5,0.5
15,4,4,9,1.0,1.0
15,4,5,9,0.6666666666666666,0.6666666666666666
15,5,1,8,1.0,1.0
15,5,2,8,0.3333333333333333,0.3333333333333333
15,5,3,8,0.5,0.5
15,5,4,8,0.6,0.6
15,5,5,8,1.0,0.6666666666666666
15,6,1,8,1.0,1.0
15,6,2,8,1.0,0.3333333333333333
15,6,3,8,0.5,0.5
15,6,4,8,1.0,0.6
15,6,5,8,0.6666666666666666,0.6666666666666666
15,7,1,7,1.0,0.0
15,7,2,7,1.0,1.0
15,7,3,7,1.0,0.5
15,7,4,7,1.0,1.0
15,7,5,7,1.0,0.6666666666666666
15,8,1,7,0.0,0.0
15,8,2,7,0.3333333333333333,0.3333333333333333
15,8,3,7,1.0,1.0
15,8,4,7,0.6,0.6
15,8,5,7,0.6666666666666666,0.6666666666666666
15,9,1,5,1.0,1.0
15,9,2,5,0.3333333333333333,0.3333333333333333
15,9,3,5,0.5,0.5
15,9,4,5,1.0,1.0
15,9,5,5,1.0,1.0
15,10,1,3,0.0,0.0
15,10,2,3,1.0,1.0
15,10,3,3,1.0,1.0
16,1,1,12,1.0,0.0
16,1,2,12,1.0,0.0
16,1,3,12,1.0,0.2
16,1,4,12,1.0,0.6
16,1,5,12,1.0,1.0
16,2,1,12,0.0,0.0
16,2,2,12,0.0,0.0
16,2,3,12,0.0,0.5
16,2,4,12,0.0,1.0
16,2,5,12,0.25,1.0
16,3,1,11,0.0,1.0
16,3,2,11,0.3333333333333333,0.3333333333333333
16,3,3,11,1.0,0.2
16,3,4,11,1.0,0.6
16,3,5,11,1.0,1.0
16,4,1,10,1.0,1.0
16,4,2,10,1.0,1.0
16,4,3,10,0.5,1.0
16,4,4,10,1.0,1.0
16,4,5,10,1.0,1.0
16,5,1,9,1.0,1.0
16,5,2,9,1.0,0.3333333333333333
16,5,3,9,0.5,1.0
16,5,4,9,1.0,1.0
16,5,5,9,0.6666666666666666,1.0
16,6,1,8,1.0,1.0
16,6,2,8,1.0,1.0
16,6,3,8,0.5,0.5
16,6,4,8,1.0,0.6
16,6,5,8,1.0,1.0
16,7,1,7,1.0,1.0
16,7,2,7,1.0,1.0
16,7,3,7,1.0,1.0
16,7,4,7,1.0,1.0
16,7,5,7,1.0,1.0
16,8,1,6,1.0,1.0
16,8,2,6,0.3333333333333333,0.3333333333333333
16,8,3,6,0.5,0.5
16,8,4,6,1.0,1.0
16,8,5,6,1.0,1.0
16,9,1,5,0.0,0.0
16,9,2,5,0.0,0.3333333333333333
16,9,3,5,0.5,0.5
16,9,4,5,1.0,1.0
16,9,5,5,1.0,1.0
16,10,1,4,0.0,0.0
16,10,2,4,0.3333333333333333,0.3333333333333333
16,10,3,4,0.5,1.0
16,10,4,4,1.0,1.0
17,1,1,12,1.0,1.0
17,1,2,12,1.0,1.0
17,1,3,12,1.0,0.5
17,1,4,12,1.0,0.3333333333333333
17,1,5,12,1.0,0.6666666666666666
17,2,1,12,0.0,1.0
17,2,2,12,0.3333333333333333,0.3333333333333333
17,2,3,12,0.5,0.5
17,2,4,12,0.3333333333333333,1.0
17,2,5,12,0.6666666666666666,0.6666666666666666
17,3,1,11,1.0,1.0
17,3,2,11,1.0,1.0
17,3,3,11,1.0,0.5
17,3,4,11,1.0,0.6
17,3,5,11,1.0,0.6666666666666666
17,4,1,10,0.0,1.0
17,4,2,10,0.0,1.0
17,4,3,10,0.2,1.0
17,4,4,10,0.6,1.0
17,4,5,10,1.0,1.0
17,5,1,9,1.0,1.0
17,5,2,9,0.3333333333333333,0.3333333333333333
17,5,3,9,0.5,0.5
17,5,4,9,1.0,0.6
17,5,5,9,1.0,1.0
17,6,1,8,0.0,0.0
17,6,2,8,1.0,0.3333333333333333
17,6,3,8,0.5,0.5
17,6,4,8,1.0,1.0
17,6,5,8,1.0,1.0
17,7,1,8,1.0,1.0
17,7,2,8,0.3333333333333333,0.3333333333333333
17,7,3,8,0.5,0.5
17,7,4,8,1.0,0.6
17,7,5,8,1.0,1.0
17,8,1,7,0.0,0.0
17,8,2,7,1.0,1.0
17,8,3,7,0.5,0.5
17,8,4,7,1.0,0.3333333333333333
17,8,5,7,0.6666666666666666,0.6666666666666666
17,9,1,6,1.0,1.0
17,9,2,6,0.3333333333333333,0.3333333333333333
17,9,3,6,1.0,1.0
17,9,4,6,1.0,1.0
17,9,5,6,1.0,1.0
17,10,1,5,1.0,1.0
17,10,2,5,0.3333333333333333,0.3333333333333333
17,10,3,5,1.0,1.0
17,10,4,5,1.0,1.0
17,10,5,5,1.0,1.0
17,11,1,4,0.0,0.0
17,11,2,4,0.3333333333333333,1.0
17,11,3,4,0.5,0.5
17,11,4,4,1.0,1.0
18,1,1,12,1.0,0.0
18,1,2,12,1.0,0.3333333333333333
18,1,3,12,1.0,0.5
18,1,4,12,1.0,0.6
18,1,5,12,0.6666666666666666,0.6666666666666666
18,2,1,11,0.0,0.0
18,2,2,11,0.3333333333333333,0.0
18,2,3,11,0.5,0.2
18,2,4,11,0.3333333333333333,0.6
18,2,5,11,0.42857142857142855,1.0
18,3,1,9,0.0,1.0
18,3,2,9,1.0,1.0
18,3,3,9,1.0,1.0
18,3,4,9,1.0,1.0
18,3,5,9,1.0,1.0
18,4,1,9,1.0,1.0
18,4,2,9,0.3333333333333333,1.0
18,4,3,9,0.5,0.5
18,4,4,9,0.6,1.0
18,4,5,9,1.0,0.6666666666666666
18,5,1,9,1.0,1.0
18,5,2,9,0.3333333333333333,1.0
18,5,3,9,0.5,0.5
18,5,4,9,1.0,0.6
18,5,5,9,1.0,1.0
18,6,1,8,1.0,0.0
18,6,2,8,1.0,0.3333333333333333
18,6,3,8,1.0,1.0
18,6,4,8,1.0,1.0
18,6,5,8,1.0,1.0
18,7,1,7,0.0,0.0
18,7,2,7,0.0,0.3333333333333333
18,7,3,7,0.2,0.2
18,7,4,7,0.6,0.6
18,7,5,7,1.0,1.0
18,8,1,6,1.0,0.0
18,8,2,6,0.3333333333333333,0.3333333333333333
18,8,3,6,0.5,0.2
18,8,4,6,1.0,0.6
18,8,5,6,1.0,1.0
18,9,1,5,1.0,1.0
18,9,2,5,0.3333333333333333,1.0
18,9,3,5,0.5,0.5
18,9,4,5,1.0,1.0
18,9,5,5,1.0,1.0
18,10,1,4,0.0,0.0
18,10,2,4,0.3333333333333333,1.0
18,10,3,4,0.5,0.5
18,10,4,4,1.0,1.0
19,1,1,13,1.0,0.0
19,1,2,13,0.3333333333333333,0.0
19,1,3,13,0.2,0.5
19,1,4,13,0.3333333333333333,1.0
19,1,5,13,0.42857142857142855,0.6666666666666666
19,2,1,12,1.0,0.0
19,2,2,12,1.0,0.0
19,2,3,12,1.0,0.5
19,2,4,12,0.6,1.0
19,2,5,12,1.0,1.0
19,3,1,11,1.0,0.0
19,3,2,11,1.0,0.0
19,3,3,11,0.5,0.5
19,3,4,11,0.3333333333333333,0.6
19,3,5,11,0.42857142857142855,1.0
19,4,1,10,1.0,0.0
19,4,2,10,0.3333333333333333,0.3333333333333333
19,4,3,10,0.5,0.5
19,4,4,10,0.6,1.0
19,4,5,10,1.0,1.0
19,5,1,9,0.0,0.0
19,5,2,9,1.0,0.3333333333333333
19,5,3,9,1.0,1.0
19,5,4,9,1.0,1.0
19,5,5,9,1.0,1.0
19,6,1,9,0.0,0.0
19,6,2,9,1.0,1.0
19,6,3,9,1.0,0.5
19,6,4,9,1.0,1.0
19,6,5,9,1.0,1.0
19,7,1,8,0.0,0.0
19,7,2,8,0.3333333333333333,1.0
19,7,3,8,0.5,0.5
19,7,4,8,0.6,0.6
19,7,5,8,1.0,1.0
19,8,1,7,0.0,1.0
19,8,2,7,0.0,0.3333333333333333
19,8,3,7,0.5,0.5
19,8,4,7,1.0,1.0
19,8,5,7,1.0,1.0
19,9,1,6,0.0,1.0
19,9,2,6,0.3333333333333333,0.3333333333333333
19,9,3,6,0.5,0.5
19,9,4,6,0.6,0.6
19,9,5,6,1.0,1.0
19,10,1,5,0.0,1.0
19,10,2,5,0.3333333333333333,0.3333333333333333
19,10,3,5,0.5,0.5
19,10,4,5,1.0,1.0
19,10,5,5,1.0,1.0
19,11,1,4,0.0,0.0
19,11,2,4,0.3333333333333333,0.3333333333333333
19,11,3,4,0.5,0.5
19,11,4,4,1.0,1.0
20,1,1,12,0.0,1.0
20,1,2,12,0.0,1.0
20,1,3,12,0.0,1.0
20,1,4,12,0.14285714285714285,1.0
20,1,5,12,0.42857142857142855,1.0
20,2,1,12,0.0,1.0
20,2,2,12,0.3333333333333333,1.0
20,2,3,12,0.5,1.0
20,2,4,12,0.6,1.0
20,2,5,12,0.6666666666666666,1.0
20,3,1,11,1.0,0.0
20,3,2,11,0.3333333333333333,0.0
20,3,3,11,0.5,0.5
20,3,4,11,1.0,1.0
20,3,5,11,1.0,0.6666666666666666
20,4,1,10,1.0,1.0
20,4,2,10,0.3333333333333333,1.0
20,4,3,10,0.5,1.0
20,4,4,10,1.0,1.0
20,4,5,10,1.0,1.0
20,5,1,9,1.0,0.0
20,5,2,9,1.0,0.3333333333333333
20,5,3,9,1.0,0.5
20,5,4,9,1.0,1.0
20,5,5,9,1.0,1.0
20,6,1,8,1.0,1.0
20,6,2,8,0.3333333333333333,0.3333333333333333
20,6,3,8,0.5,0.5
20,6,4,8,1.0,1.0
20,6,5,8,1.0,1.0
20,7,1,7,0.0,0.0
20,7,2,7,0.3333333333333333,0.3333333333333333
20,7,3,7,0.5,0.5
20,7,4,7,1.0,1.0
20,7,5,7,1.0,1.0
20,8,1,6,1.0,1.0
20,8,2,6,1.0,0.3333333333333333
20,8,3,6,1.0,1.0
20,8,4,6,1.0,1.0
20,8,5,6,0.6666666666666666,0.6666666666666666
20,9,1,4,0.0,0.0
20,9,2,4,0.3333333333333333,0.3333333333333333
20,9,3,4,1.0,1.0
20,9,4,4,1.0,1.0
20,10,1,3,0.0,0.0
20,10,2,3,0.3333333333333333,1.0
20,10,3,3,1.0,1.0
21,1,1,13,0.0,1.0
21,1,2,13,0.0,1.0
21,1,3,13,0.0,1.0
21,1,4,13,0.14285714285714285,1.0
21,1,5,13,0.25,0.6666666666666666
21,2,1,13,1.0,1.0
21,2,2,13,1.0,1.0
21,2,3,13,1.0,1.0
21,2,4,13,1.0,1.0
21,2,5,13,0.6666666666666666,1.0
21,3,1,10,1.0,0.0
21,3,2,10,0.3333333333333333,0.3333333333333333
21,3,3,10,0.2,1.0
21,3,4,10,0.6,0.6
21,3,5,10,1.0,1.0
21,4,1,10,1.0,0.0
21,4,2,10,1.0,0.3333333333333333
21,4,3,10,1.0,0.5
21,4,4,10,1.0,0.6
21,4,5,10,0.6666666666666666,1.0
21,5,1,9,0.0,1.0
21,5,2,9,0.3333333333333333,0.3333333333333333
21,5,3,9,1.0,0.5
21,5,4,9,1.0,1.0
21,5,5,9,1.0,0.6666666666666666
21,6,1,9,1.0,0.0
21,6,2,9,1.0,0.3333333333333333
21,6,3,9,1.0,0.5
21,6,4,9,1.0,0.6
21,6,5,9,1.0,1.0
21,7,1,8,0.0,0.0
21,7,2,8,0.3333333333333333,0.3333333333333333
21,7,3,8,0.5,0.5
21,7,4,8,0.3333333333333333,0.6
21,7,5,8,0.6666666666666666,0.6666666666666666
21,8,1,7,1.0,0.0
21,8,2,7,1.0,1.0
21,8,3,7,1.0,1.0
21,8,4,7,1.0,1.0
21,8,5,7,1.0,1.0
21,9,1,6,0.0,0.0
21,9,2,6,0.3333333333333333,0.3333333333333333
21,9,3,6,1.0,1.0
21,9,4,6,0.6,0.6
21,9,5,6,1.0,1.0
21,10,1,4,0.0,0.0
21,10,2,4,0.3333333333333333,0.3333333333333333
21,10,3,4,1.0,1.0
21,10,4,4,1.0,1.0
21,11,1,4,0.0,0.0
21,11,2,4,0.3333333333333333,0.3333333333333333
21,11,3,4,0.5,1.0
21,11,4,4,1.0,1.0
22,1,1,12,1.0,0.0
22,1,2,12,1.0,0.0
22,1,3,12,0.5,0.2
22,1,4,12,0.3333333333333333,0.6
22,1,5,12,0.25,1.0
22,2,1,12,1.0,0.0
22,2,2,12,1.0,0.3333333333333333
22,2,3,12,0.5,1.0
22,2,4,12,1.0,0.6
22,2,5,12,0.6666666666666666,0.6666666666666666
22,3,1,11,1.0,1.0
22,3,2,11,1.0,0.3333333333333333
22,3,3,11,1.0,1.0
22,3,4,11,1.0,1.0
22,3,5,11,1.0,1.0
22,4,1,10,1.0,0.0
22,4,2,10,1.0,0.0
22,4,3,10,1.0,0.5
22,4,4,10,1.0,1.0
22,4,5,10,1.0,1.0
22,5,1,9,1.0,1.0
22,5,2,9,1.0,0.3333333333333333
22,5,3,9,0.5,1.0
22,5,4,9,1.0,0.6
22,5,5,9,1.0,1.0
22,6,1,9,1.0,1.0
22,6,2,9,1.0,1.0
22,6,3,9,1.0,1.0
22,6,4,9,0.6,0.6
22,6,5,9,1.0,0.6666666666666666
22,7,1,8,0.0,0.0
22,7,2,8,1.0,1.0
22,7,3,8,1.0,1.0
22,7,4,8,0.6,0.6
22,7,5,8,0.6666666666666666,0.6666666666666666
22,8,1,6,1.0,0.0
22,8,2,6,1.0,0.3333333333333333
22,8,3,6,0.5,0.5
22,8,4,6,1.0,0.6
22,8,5,6,0.6666666666666666,0.6666666666666666
22,9,1,5,1.0,1.0
22,9,2,5,1.0,1.0
22,9,3,5,0.5,0.5
22,9,4,5,1.0,1.0
22,9,5,5,1.0,1.0
22,10,1,3,0.0,1.0
22,10,2,3,0.3333333333333333,1.0
22,10,3,3,1.0,1.0
23,1,1,13,1.0,0.0
23,1,2,13,1.0,0.3333333333333333
23,1,3,13,0.5,0.5
23,1,4,13,0.3333333333333333,1.0
23,1,5,13,0.42857142857142855,1.0
23,2,1,13,1.0,0.0
23,2,2,13,1.0,0.3333333333333333
23,2,3,13,1.0,0.5
23,2,4,13,0.6,0.6
23,2,5,13,0.6666666666666666,1.0
23,3,1,12,1.0,0.0
23,3,2,12,0.3333333333333333,1.0
23,3,3,12,1.0,0.5
23,3,4,12,1.0,1.0
23,3,5,12,1.0,0.6666666666666666
23,4,1,11,0.0,1.0
23,4,2,11,1.0,0.3333333333333333
23,4,3,11,0.5,0.5
23,4,4,11,0.3333333333333333,1.0
23,4,5,11,0.6666666666666666,0.6666666666666666
23,5,1,9,1.0,1.0
23,5,2,9,1.0,1.0
23,5,3,9,1.0,0.5
23,5,4,9,1.0,1.0
23,5,5,9,1.0,0.6666666666666666
23,6,1,9,1.0,1.0
23,6,2,9,1.0,0.3333333333333333
23,6,3,9,1.0,0.5
23,6,4,9,1.0,1.0
23,6,5,9,1.0,0.6666666666666666
23,7,1,8,0.0,0.0
23,7,2,8,0.3333333333333333,0.3333333333333333
23,7,3,8,1.0,1.0
23,7,4,8,1.0,1.0
23,7,5,8,0.6666666666666666,0.6666666666666666
23,8,1,7,0.0,1.0
23,8,2,7,0.3333333333333333,1.0
23,8,3,7,1.0,1.0
23,8,4,7,1.0,1.0
23,8,5,7,1.0,0.6666666666666666
23,9,1,6,1.0,0.0
23,9,2,6,0.3333333333333333,0.3333333333333333
23,9,3,6,0.5,0.5
23,9,4,6,1.0,1.0
23,9,5,6,1.0,1.0
23,10,1,5,0.0,0.0
23,10,2,5,0.3333333333333333,0.3333333333333333
23,10,3,5,0.5,0.5
23,10,4,5,1.0,1.0
23,10,5,5,1.0,1.0
23,11,1,4,0.0,0.0
23,11,2,4,0.0,0.3333333333333333
23,11,3,4,0.5,1.0
23,11,4,4,1.0,1.0
24,1,1,12,1.0,1.0
24,1,2,12,1.0,1.0
24,1,3,12,1.0,1.0
24,1,4,12,0.6,1.0
24,1,5,12,0.6666666666666666,0.6666666666666666
24,2,1,12,0.0,0.0
24,2,2,12,1.0,0.0
24,2,3,12,0.5,0.5
24,2,4,12,0.6,1.0
24,2,5,12,1.0,0.6666666666666666
24,3,1,11,0.0,0.0
24,3,2,11,1.0,0.3333333333333333
24,3,3,11,1.0,1.0
24,3,4,11,0.6,0.6
24,3,5,11,0.6666666666666666,1.0
24,4,1,10,1.0,0.0
24,4,2,10,1.0,0.3333333333333333
24,4,3,10,1.0,1.0
24,4,4,10,1.0,0.6
24,4,5,10,1.0,1.0
24,5,1,9,1.0,1.0
24,5,2,9,0.3333333333333333,1.0
24,5,3,9,0.5,1.0
24,5,4,9,1.0,0.6
24,5,5,9,1.0,0.6666666666666666
24,6,1,8,1.0,1.0
24,6,2,8,0.3333333333333333,1.0
24,6,3,8,0.5,0.5
24,6,4,8,0.6,0.6
24,6,5,8,1.0,1.0
24,7,1,7,1.0,1.0
24,7,2,7,1.0,1.0
24,7,3,7,1.0,1.0
24,7,4,7,1.0,1.0
24,7,5,7,1.0,1.0
24,8,1,5,1.0,1.0
24,8,2,5,1.0,1.0
24,8,3,5,1.0,1.0
24,8,4,5,1.0,1.0
24,8,5,5,1.0,1.0
24,9,1,4,1.0,1.0
24,9,2,4,1.0,1.0
24,9,3,4,1.0,1.0
24,9,4,4,1.0,1.0
24,10,1,3,1.0,1.0
24,10,2,3,0.3333333333333333,0.3333333333333333
24,10,3,3,1.0,1.0
25,1,1,13,0.0,1.0
25,1,2,13,0.0,1.0
25,1,3,13,0.2,1.0
25,1,4,13,0.3333333333333333,1.0
25,1,5,13,0.6666666666666666,1.0
25,2,1,13,1.0,0.0
25,2,2,13,1.0,0.0
25,2,3,13,1.0,0.5
25,2,4,13,1.0,1.0
25,2,5,13,1.0,1.0
25,3,1,11,1.0,1.0
25,3,2,11,0.3333333333333333,1.0
25,3,3,11,0.5,1.0
25,3,4,11,0.6,1.0
25,3,5,11,0.6666666666666666,1.0
25,4,1,11,1.0,0.0
25,4,2,11,0.3333333333333333,1.0
25,4,3,11,0.2,1.0
25,4,4,11,0.6,1.0
25,4,5,11,0.6666666666666666,1.0
25,5,1,10,1.0,0.0
25,5,2,10,1.0,0.3333333333333333
25,5,3,10,1.0,1.0
25,5,4,10,0.6,1.0
25,5,5,10,0.6666666666666666,1.0
25,6,1,9,1.0,1.0
25,6,2,9,1.0,1.0
25,6,3,9,1.0,1.0
25,6,4,9,0.6,1.0
25,6,5,9,1.0,1.0
25,7,1,8,1.0,1.0
25,7,2,8,1.0,1.0
25,7,3,8,1.0,0.5
25,7,4,8,1.0,1.0
25,7,5,8,1.0,1.0
25,8,1,6,0.0,0.0
25,8,2,6,0.3333333333333333,1.0
25,8,3,6,1.0,1.0
25,8,4,6,0.6,0.6
25,8,5,6,1.0,1.0
25,9,1,5,0.0,1.0
25,9,2,5,0.3333333333333333,0.3333333333333333
25,9,3,5,1.0,1.0
25,9,4,5,1.0,1.0
25,9,5,5,1.0,1.0
25,10,1,4,0.0,1.0
25,10,2,4,0.0,0.3333333333333333
25,10,3,4,0.5,0.5
25,10,4,4,1.0,1.0
26,1,1,10,1.0,0.0
26,1,2,10,1.0,0.0
26,1,3,10,1.0,0.5
26,1,4,10,1.0,1.0
26,1,5,10,0.6666666666666666,1.0
26,2,1,8,1.0,1.0
26,2,2,8,0.3333333333333333,0.3333333333333333
26,2,3,8,1.0,0.5
26,2,4,8,1.0,1.0
26,2,5,8,1.0,1.0
26,3,1,6,0.0,1.0
26,3,2,6,0.3333333333333333,0.3333333333333333
26,3,3,6,0.5,1.0
26,3,4,6,1.0,1.0
26,3,5,6,1.0,1.0
26,4,1,3,0.0,0.0
26,4,2,3,0.3333333333333333,0.3333333333333333
26,4,3,3,1.0,1.0
27,1,1,13,0.0,1.0
27,1,2,13,0.0,0.3333333333333333
27,1,3,13,0.0,1.0
27,1,4,13,0.14285714285714285,1.0
27,1,5,13,0.42857142857142855,1.0
27,2,1,12,1.0,0.0
27,2,2,12,1.0,0.0
27,2,3,12,1.0,0.2
27,2,4,12,1.0,0.6
27,2,5,12,1.0,1.0
27,3,1,11,1.0,0.0
27,3,2,11,1.0,0.0
27,3,3,11,1.0,0.2
27,3,4,11,1.0,0.6
27,3,5,11,1.0,1.0
27,4,1,10,1.0,0.0
27,4,2,10,1.0,0.0
27,4,3,10,0.5,0.5
27,4,4,10,0.6,1.0
27,4,5,10,1.0,0.6666666666666666
27,5,1,9,1.0,1.0
27,5,2,9,1.0,0.3333333333333333
27,5,3,9,1.0,0.2
27,5,4,9,0.6,0.6
27,5,5,9,0.6666666666666666,1.0
27,6,1,9,1.0,1.0
27,6,2,9,1.0,0.3333333333333333
27,6,3,9,1.0,0.5
27,6,4,9,1.0,1.0
27,6,5,9,1.0,1.0
27,7,1,8,0.0,1.0
27,7,2,8,0.3333333333333333,0.3333333333333333
27,7,3,8,0.5,0.5
27,7,4,8,0.6,0.6
27,7,5,8,1.0,1.0
27,8,1,6,0.0,0.0
27,8,2,6,0.3333333333333333,0.3333333333333333
27,8,3,6,0.5,0.5
27,8,4,6,1.0,1.0
27,8,5,6,1.0,1.0
27,9,1,4,0.0,1.0
27,9,2,4,0.0,0.3333333333333333
27,9,3,4,0.5,0.5
27,9,4,4,1.0,1.0
28,1,1,12,0.0,1.0
28,1,2,12,0.3333333333333333,0.3333333333333333
28,1,3,12,0.2,1.0
28,1,4,12,0.6,1.0
28,1,5,12,0.6666666666666666,1.0
28,2,1,12,1.0,0.0
28,2,2,12,1.0,0.3333333333333333
28,2,3,12,1.0,0.5
28,2,4,12,1.0,0.6
28,2,5,12,1.0,0.6666666666666666
28,3,1,10,0.0,0.0
28,3,2,10,0.3333333333333333,0.3333333333333333
28,3,3,10,0.5,1.0
28,3,4,10,1.0,0.6
28,3,5,10,0.6666666666666666,1.0
28,4,1,10,1.0,1.0
28,4,2,10,1.0,1.0
28,4,3,10,0.5,0.5
28,4,4,10,0.6,0.6
28,4,5,10,0.6666666666666666,0.6666666666666666
28,5,1,9,0.0,0.0
28,5,2,9,0.3333333333333333,1.0
28,5,3,9,1.0,1.0
28,5,4,9,1.0,1.0
28,5,5,9,1.0,1.0
28,6,1,9,1.0,0.0
28,6,2,9,1.0,0.3333333333333333
28,6,3,9,0.5,0.2
28,6,4,9,0.6,0.6
28,6,5,9,0.6666666666666666,0.6666666666666666
28,7,1,8,0.0,0.0
28,7,2,8,0.3333333333333333,0.3333333333333333
28,7,3,8,0.5,0.5
28,7,4,8,0.6,0.6
28,7,5,8,0.6666666666666666,0.6666666666666666
28,8,1,7,0.0,0.0
28,8,2,7,0.3333333333333333,0.3333333333333333
28,8,3,7,1.0,1.0
28,8,4,7,1.0,1.0
28,8,5,7,1.0,1.0
28,9,1,6,1.0,1.0
28,9,2,6,0.3333333333333333,1.0
28,9,3,6,1.0,1.0
28,9,4,6,1.0,1.0
28,9,5,6,1.0,1.0
28,10,1,5,1.0,1.0
28,10,2,5,0.3333333333333333,0.3333333333333333
28,10,3,5,0.5,0.5
28,10,4,5,1.0,1.0
28,10,5,5,1.0,1.0
28,11,1,4,0.0,0.0
28,11,2,4,0.0,0.3333333333333333
28,11,3,4,0.5,0.5
28,11,4,4,1.0,1.0
29,1,1,15,1.0,0.0
29,1,2,15,1.0,0.3333333333333333
29,1,3,15,1.0,0.5
29,1,4,15,0.6,0.6
29,1,5,15,0.42857142857142855,1.0
29,2,1,15,0.0,1.0
29,2,2,15,0.3333333333333333,1.0
29,2,3,15,0.5,0.5
29,2,4,15,0.6,1.0
29,2,5,15,0.6666666666666666,0.6666666666666666
29,3,1,14,1.0,0.0
29,3,2,14,1.0,0.3333333333333333
29,3,3,14,1.0,0.5
29,3,4,14,0.6,0.6
29,3,5,14,0.6666666666666666,0.42857142857142855
29,4,1,13,1.0,1.0
29,4,2,13,0.3333333333333333,1.0
29,4,3,13,0.5,1.0
29,4,4,13,1.0,0.6
29,4,5,13,0.6666666666666666,1.0
29,5,1,12,1.0,0.0
29,5,2,12,0.3333333333333333,0.3333333333333333
29,5,3,12,0.2,1.0
29,5,4,12,0.3333333333333333,1.0
29,5,5,12,0.6666666666666666,1.0
29,6,1,11,1.0,0.0
29,6,2,11,1.0,0.3333333333333333
29,6,3,11,1.0,0.5
29,6,4,11,1.0,0.6
29,6,5,11,1.0,1.0
29,7,1,10,0.0,1.0
29,7,2,10,0.3333333333333333,0.3333333333333333
29,7,3,10,1.0,0.5
29,7,4,10,1.0,0.6
29,7,5,10,1.0,0.6666666666666666
29,8,1,8,0.0,0.0
29,8,2,8,0.3333333333333333,0.3333333333333333
29,8,3,8,1.0,1.0
29,8,4,8,0.6,0.6
29,8,5,8,1.0,1.0
29,9,1,7,1.0,1.0
29,9,2,7,0.3333333333333333,0.3333333333333333
29,9,3,7,0.5,0.2
29,9,4,7,0.6,0.6
29,9,5,7,1.0,1.0
29,10,1,6,0.0,0.0
29,10,2,6,0.3333333333333333,0.3333333333333333
29,10,3,6,1.0,1.0
29,10,4,6,1.0,1.0
29,10,5,6,1.0,1.0
29,11,1,4,0.0,0.0
29,11,2,4,0.3333333333333333,0.3333333333333333
29,11,3,4,0.5,0.5
29,11,4,4,1.0,1.0
30,1,1,15,1.0,0.0
30,1,2,15,1.0,0.3333333333333333
30,1,3,15,0.5,0.5
30,1,4,15,0.3333333333333333,0.6
30,1,5,15,0.42857142857142855,1.0
30,2,1,15,1.0,1.0
30,2,2,15,1.0,1.0
30,2,3,15,1.0,1.0
30,2,4,15,0.6,0.6
30,2,5,15,0.6666666666666666,0.42857142857142855
30,3,1,14,0.0,1.0
30,3,2,14,0.3333333333333333,1.0
30,3,3,14,0.5,1.0
30,3,4,14,1.0,1.0
30,3,5,14,0.6666666666666666,1.0
30,4,1,13,1.0,1.0
30,4,2,13,0.3333333333333333,0.3333333333333333
30,4,3,13,1.0,1.0
30,4,4,13,1.0,1.0
30,4,5,13,1.0,1.0
30,5,1,11,0.0,1.0
30,5,2,11,0.3333333333333333,1.0
30,5,3,11,1.0,1.0
30,5,4,11,1.0,1.0
30,5,5,11,1.0,1.0
30,6,1,10,1.0,1.0
30,6,2,10,1.0,0.3333333333333333
30,6,3,10,1.0,0.5
30,6,4,10,1.0,1.0
30,6,5,10,0.6666666666666666,0.6666666666666666
30,7,1,9,1.0,1.0
30,7,2,9,1.0,1.0
30,7,3,9,1.0,0.5
30,7,4,9,1.0,1.0
30,7,5,9,1.0,0.6666666666666666
30,8,1,8,1.0,0.0
30,8,2,8,0.3333333333333333,0.3333333333333333
30,8,3,8,0.5,0.5
30,8,4,8,1.0,0.6
30,8,5,8,1.0,1.0
30,9,1,6,0.0,0.0
30,9,2,6,0.3333333333333333,1.0
30,9,3,6,0.5,0.5
30,9,4,6,1.0,1.0
30,9,5,6,0.6666666666666666,0.6666666666666666
30,10,1,4,0.0,1.0
30,10,2,4,0.3333333333333333,0.3333333333333333
30,10,3,4,0.5,0.5
30,10,4,4,1.0,1.0
31,1,1,16,1.0,0.0
31,1,2,16,0.3333333333333333,0.0
31,1,3,16,0.5,0.2
31,1,4,16,0.3333333333333333,0.3333333333333333
31,1,5,16,0.25,0.6666666666666666
31,2,1,15,0.0,1.0
31,2,2,15,0.3333333333333333,0.3333333333333333
31,2,3,15,1.0,0.2
31,2,4,15,1.0,0.14285714285714285
31,2,5,15,0.6666666666666666,0.42857142857142855
31,3,1,14,1.0,1.0
31,3,2,14,1.0,1.0
31,3,3,14,1.0,1.0
31,3,4,14,0.6,1.0
31,3,5,14,0.6666666666666666,1.0
31,4,1,13,1.0,0.0
31,4,2,13,1.0,0.0
31,4,3,13,1.0,0.2
31,4,4,13,1.0,0.6
31,4,5,13,1.0,1.0
31,5,1,12,1.0,0.0
31,5,2,12,1.0,0.0
31,5,3,12,1.0,0.2
31,5,4,12,1.0,0.6
31,5,5,12,1.0,1.0
31,6,1,10,1.0,0.0
31,6,2,10,0.3333333333333333,1.0
31,6,3,10,1.0,0.5
31,6,4,10,0.6,0.6
31,6,5,10,1.0,1.0
31,7,1,9,0.0,0.0
31,7,2,9,0.3333333333333333,0.0
31,7,3,9,0.5,0.5
31,7,4,9,1.0,1.0
31,7,5,9,1.0,1.0
31,8,1,8,1.0,1.0
31,8,2,8,0.3333333333333333,0.3333333333333333
31,8,3,8,1.0,1.0
31,8,4,8,0.6,0.6
31,8,5,8,1.0,1.0
31,9,1,6,0.0,0.0
31,9,2,6,1.0,1.0
31,9,3,6,0.5,0.5
31,9,4,6,1.0,1.0
31,9,5,6,1.0,0.6666666666666666
31,10,1,4,0.0,0.0
31,10,2,4,0.0,0.3333333333333333
31,10,3,4,0.5,0.5
31,10,4,4,1.0,1.0
32,1,1,14,1.0,0.0
32,1,2,14,0.3333333333333333,0.3333333333333333
32,1,3,14,0.2,0.5
32,1,4,14,0.14285714285714285,1.0
32,1,5,14,0.25,1.0
32,2,1,13,1.0,0.0
32,2,2,13,1.0,0.0
32,2,3,13,0.5,0.5
32,2,4,13,0.3333333333333333,1.0
32,2,5,13,0.42857142857142855,1.0
32,3,1,12,0.0,0.0
32,3,2,12,0.3333333333333333,0.0
32,3,3,12,0.5,0.5
32,3,4,12,0.3333333333333333,1.0
32,3,5,12,0.6666666666666666,1.0
32,4,1,11,1.0,1.0
32,4,2,11,0.3333333333333333,1.0
32,4,3,11,0.5,1.0
32,4,4,11,0.6,1.0
32,4,5,11,1.0,1.0
32,5,1,10,1.0,1.0
32,5,2,10,1.0,1.0
32,5,3,10,0.5,1.0
32,5,4,10,1.0,1.0
32,5,5,10,1.0,1.0
32,6,1,9,0.0,1.0
32,6,2,9,1.0,1.0
32,6,3,9,0.5,1.0
32,6,4,9,1.0,1.0
32,6,5,9,1.0,1.0
32,7,1,8,0.0,0.0
32,7,2,8,0.0,0.3333333333333333
32,7,3,8,0.5,0.5
32,7,4,8,0.6,0.6
32,7,5,8,1.0,1.0
32,8,1,7,1.0,1.0
32,8,2,7,1.0,1.0
32,8,3,7,1.0,1.0
32,8,4,7,1.0,0.6
32,8,5,7,1.0,1.0
32,9,1,6,0.0,0.0
32,9,2,6,1.0,1.0
32,9,3,6,1.0,0.5
32,9,4,6,1.0,1.0
32,9,5,6,1.0,1.0
32,10,1,5,0.0,1.0
32,10,2,5,0.3333333333333333,1.0
32,10,3,5,1.0,1.0
32,10,4,5,1.0,1.0
32,10,5,5,1.0,1.0
32,11,1,5,0.0,1.0
32,11,2,5,0.3333333333333333,1.0
32,11,3,5,0.5,0.5
32,11,4,5,0.6,0.6
32,11,5,5,1.0,1.0
33,1,1,13,0.0,0.0
33,1,2,13,0.3333333333333333,1.0
33,1,3,13,0.5,1.0
33,1,4,13,0.6,1.0
33,1,5,13,0.6666666666666666,1.0
33,2,1,13,1.0,1.0
33,2,2,13,1.0,1.0
33,2,3,13,1.0,1.0
33,2,4,13,0.6,1.0
33,2,5,13,0.6666666666666666,1.0
33,3,1,11,0.0,1.0
33,3,2,11,0.3333333333333333,1.0
33,3,3,11,1.0,1.0
33,3,4,11,1.0,1.0
33,3,5,11,1.0,0.6666666666666666
33,4,1,9,0.0,1.0
33,4,2,9,0.3333333333333333,0.3333333333333333
33,4,3,9,0.5,1.0
33,4,4,9,1.0,1.0
33,4,5,9,1.0,1.0
33,5,1,8,1.0,1.0
33,5,2,8,1.0,1.0
33,5,3,8,0.5,0.5
33,5,4,8,0.6,0.6
33,5,5,8,1.0,1.0
33,6,1,7,1.0,1.0
33,6,2,7,1.0,1.0
33,6,3,7,1.0,1.0
33,6,4,7,1.0,0.6
33,6,5,7,1.0,0.6666666666666666
33,7,1,6,0.0,0.0
33,7,2,6,0.3333333333333333,0.3333333333333333
33,7,3,6,1.0,1.0
33,7,4,6,1.0,1.0
33,7,5,6,1.0,1.0
33,8,1,5,0.0,0.0
33,8,2,5,0.3333333333333333,0.3333333333333333
33,8,3,5,0.5,1.0
33,8,4,5,1.0,1.0
33,8,5,5,1.0,1.0
33,9,1,5,0.0,0.0
33,9,2,5,0.0,0.0
33,9,3,5,0.2,0.5
33,9,4,5,0.6,0.6
33,9,5,5,1.0,1.0
34,1,1,14,1.0,1.0
34,1,2,14,1.0,1.0
34,1,3,14,0.5,0.5
34,1,4,14,0.3333333333333333,0.6
34,1,5,14,0.25,1.0
34,2,1,14,1.0,0.0
34,2,2,14,1.0,0.3333333333333333
34,2,3,14,1.0,0.5
34,2,4,14,1.0,0.6
34,2,5,14,1.0,1.0
34,3,1,12,1.0,0.0
34,3,2,12,1.0,0.3333333333333333
34,3,3,12,1.0,1.0
34,3,4,12,1.0,0.6
34,3,5,12,1.0,1.0
34,4,1,11,0.0,0.0
34,4,2,11,1.0,0.3333333333333333
34,4,3,11,0.5,0.5
34,4,4,11,1.0,0.6
34,4,5,11,0.6666666666666666,0.42857142857142855
34,5,1,10,1.0,0.0
34,5,2,10,1.0,0.3333333333333333
34,5,3,10,0.5,0.5
34,5,4,10,0.6,0.6
34,5,5,10,1.0,1.0
34,6,1,10,0.0,0.0
34,6,2,10,0.3333333333333333,0.3333333333333333
34,6,3,10,1.0,1.0
34,6,4,10,0.6,0.6
34,6,5,10,0.6666666666666666,0.6666666666666666
34,7,1,9,1.0,1.0
34,7,2,9,1.0,1.0
34,7,3,9,0.5,0.5
34,7,4,9,0.6,0.6
34,7,5,9,1.0,1.0
34,8,1,8,1.0,1.0
34,8,2,8,0.3333333333333333,1.0
34,8,3,8,0.5,0.5
34,8,4,8,0.6,1.0
34,8,5,8,0.6666666666666666,0.6666666666666666
34,9,1,7,0.0,0.0
34,9,2,7,0.3333333333333333,0.0
34,9,3,7,0.5,0.5
34,9,4,7,0.6,1.0
34,9,5,7,1.0,1.0
34,10,1,6,1.0,1.0
34,10,2,6,0.3333333333333333,0.3333333333333333
34,10,3,6,0.5,0.5
34,10,4,6,0.6,0.6
34,10,5,6,1.0,1.0
34,11,1,5,0.0,0.0
34,11,2,5,0.0,0.0
34,11,3,5,0.2,0.5
34,11,4,5,0.6,0.6
34,11,5,5,1.0,1.0
